<?xml version="1.1" encoding="UTF-8"?>
<sounds defaultAnsiFormat="&#27;[31;1m" strictAttributions="true">


	<sound logPattern="(.+): Indoors, outdoors\.  It's all the same to me as long as the weather's fine\." randomBalance="true" concurency="5">

		<soundFile fileName="../emotion/voices/Informative1_1.mp3">
			<attribution url="https://soundcloud.com/simonswerwer/" license=" CC BY-NC-SA 2.0" author="Simon Swerwer" description="Informative" />
		</soundFile>
		<soundFile fileName="../emotion/voices/Informative1_2.mp3">
			<attribution url="https://soundcloud.com/simonswerwer/" license=" CC BY-NC-SA 2.0" author="Simon Swerwer" description="Informative" />
		</soundFile>
		<soundFile fileName="../emotion/voices/Informative1_3.mp3">
			<attribution url="https://soundcloud.com/simonswerwer/" license=" CC BY-NC-SA 2.0" author="Simon Swerwer" description="Informative" />
		</soundFile>
		<soundFile fileName="../emotion/voices/Informative1_4.mp3">
			<attribution url="https://soundcloud.com/simonswerwer/" license=" CC BY-NC-SA 2.0" author="Simon Swerwer" description="Informative" />
		</soundFile>
		<soundFile fileName="../emotion/voices/Informative1_5.mp3">
			<attribution url="https://soundcloud.com/simonswerwer/" license=" CC BY-NC-SA 2.0" author="Simon Swerwer" description="Informative" />
		</soundFile>
		<soundFile fileName="../emotion/voices/Informative1_6.mp3">
			<attribution url="https://soundcloud.com/simonswerwer/" license=" CC BY-NC-SA 2.0" author="Simon Swerwer" description="Informative" />
		</soundFile>
		<soundFile fileName="../emotion/voices/Informative1_7.mp3">
			<attribution url="https://soundcloud.com/simonswerwer/" license=" CC BY-NC-SA 2.0" author="Simon Swerwer" description="Informative" />
		</soundFile>
		<soundFile fileName="../emotion/voices/Informative1_8.mp3">
			<attribution url="https://soundcloud.com/simonswerwer/" license=" CC BY-NC-SA 2.0" author="Simon Swerwer" description="Informative" />
		</soundFile>
		<soundFile fileName="../emotion/voices/Informative2_1.mp3">
			<attribution url="https://soundcloud.com/simonswerwer/" license=" CC BY-NC-SA 2.0" author="Simon Swerwer" description="Informative" />
		</soundFile>
		<soundFile fileName="../emotion/voices/Informative2_2.mp3">
			<attribution url="https://soundcloud.com/simonswerwer/" license=" CC BY-NC-SA 2.0" author="Simon Swerwer" description="Informative" />
		</soundFile>
		<soundFile fileName="../emotion/voices/Informative2_3.mp3">
			<attribution url="https://soundcloud.com/simonswerwer/" license=" CC BY-NC-SA 2.0" author="Simon Swerwer" description="Informative" />
		</soundFile>
		<soundFile fileName="../emotion/voices/Informative2_4.mp3">
			<attribution url="https://soundcloud.com/simonswerwer/" license=" CC BY-NC-SA 2.0" author="Simon Swerwer" description="Informative" />
		</soundFile>
		<soundFile fileName="../emotion/voices/Informative2_5.mp3">
			<attribution url="https://soundcloud.com/simonswerwer/" license=" CC BY-NC-SA 2.0" author="Simon Swerwer" description="Informative" />
		</soundFile>
		<soundFile fileName="../emotion/voices/Informative2_6.mp3">
			<attribution url="https://soundcloud.com/simonswerwer/" license=" CC BY-NC-SA 2.0" author="Simon Swerwer" description="Informative" />
		</soundFile>
		<soundFile fileName="../emotion/voices/Informative2_7.mp3">
			<attribution url="https://soundcloud.com/simonswerwer/" license=" CC BY-NC-SA 2.0" author="Simon Swerwer" description="Informative" />
		</soundFile>

	</sound>



	<sound logPattern="(.+): Seems a pleasant enough day out there\." randomBalance="true" concurency="5">

		<soundFile fileName="../emotion/voices/Informative1_1.mp3">
			<attribution url="https://soundcloud.com/simonswerwer/" license=" CC BY-NC-SA 2.0" author="Simon Swerwer" description="Informative" />
		</soundFile>
		<soundFile fileName="../emotion/voices/Informative1_2.mp3">
			<attribution url="https://soundcloud.com/simonswerwer/" license=" CC BY-NC-SA 2.0" author="Simon Swerwer" description="Informative" />
		</soundFile>
		<soundFile fileName="../emotion/voices/Informative1_3.mp3">
			<attribution url="https://soundcloud.com/simonswerwer/" license=" CC BY-NC-SA 2.0" author="Simon Swerwer" description="Informative" />
		</soundFile>
		<soundFile fileName="../emotion/voices/Informative1_4.mp3">
			<attribution url="https://soundcloud.com/simonswerwer/" license=" CC BY-NC-SA 2.0" author="Simon Swerwer" description="Informative" />
		</soundFile>
		<soundFile fileName="../emotion/voices/Informative1_5.mp3">
			<attribution url="https://soundcloud.com/simonswerwer/" license=" CC BY-NC-SA 2.0" author="Simon Swerwer" description="Informative" />
		</soundFile>
		<soundFile fileName="../emotion/voices/Informative1_6.mp3">
			<attribution url="https://soundcloud.com/simonswerwer/" license=" CC BY-NC-SA 2.0" author="Simon Swerwer" description="Informative" />
		</soundFile>
		<soundFile fileName="../emotion/voices/Informative1_7.mp3">
			<attribution url="https://soundcloud.com/simonswerwer/" license=" CC BY-NC-SA 2.0" author="Simon Swerwer" description="Informative" />
		</soundFile>
		<soundFile fileName="../emotion/voices/Informative1_8.mp3">
			<attribution url="https://soundcloud.com/simonswerwer/" license=" CC BY-NC-SA 2.0" author="Simon Swerwer" description="Informative" />
		</soundFile>
		<soundFile fileName="../emotion/voices/Informative2_1.mp3">
			<attribution url="https://soundcloud.com/simonswerwer/" license=" CC BY-NC-SA 2.0" author="Simon Swerwer" description="Informative" />
		</soundFile>
		<soundFile fileName="../emotion/voices/Informative2_2.mp3">
			<attribution url="https://soundcloud.com/simonswerwer/" license=" CC BY-NC-SA 2.0" author="Simon Swerwer" description="Informative" />
		</soundFile>
		<soundFile fileName="../emotion/voices/Informative2_3.mp3">
			<attribution url="https://soundcloud.com/simonswerwer/" license=" CC BY-NC-SA 2.0" author="Simon Swerwer" description="Informative" />
		</soundFile>
		<soundFile fileName="../emotion/voices/Informative2_4.mp3">
			<attribution url="https://soundcloud.com/simonswerwer/" license=" CC BY-NC-SA 2.0" author="Simon Swerwer" description="Informative" />
		</soundFile>
		<soundFile fileName="../emotion/voices/Informative2_5.mp3">
			<attribution url="https://soundcloud.com/simonswerwer/" license=" CC BY-NC-SA 2.0" author="Simon Swerwer" description="Informative" />
		</soundFile>
		<soundFile fileName="../emotion/voices/Informative2_6.mp3">
			<attribution url="https://soundcloud.com/simonswerwer/" license=" CC BY-NC-SA 2.0" author="Simon Swerwer" description="Informative" />
		</soundFile>
		<soundFile fileName="../emotion/voices/Informative2_7.mp3">
			<attribution url="https://soundcloud.com/simonswerwer/" license=" CC BY-NC-SA 2.0" author="Simon Swerwer" description="Informative" />
		</soundFile>
	</sound>


	<sound logPattern="(.+): (.+) is in (.+)\." randomBalance="true" concurency="5">

		<soundFile fileName="../emotion/voices/Informative1_1.mp3">
			<attribution url="https://soundcloud.com/simonswerwer/" license=" CC BY-NC-SA 2.0" author="Simon Swerwer" description="Informative" />
		</soundFile>
		<soundFile fileName="../emotion/voices/Informative1_2.mp3">
			<attribution url="https://soundcloud.com/simonswerwer/" license=" CC BY-NC-SA 2.0" author="Simon Swerwer" description="Informative" />
		</soundFile>
		<soundFile fileName="../emotion/voices/Informative1_3.mp3">
			<attribution url="https://soundcloud.com/simonswerwer/" license=" CC BY-NC-SA 2.0" author="Simon Swerwer" description="Informative" />
		</soundFile>
		<soundFile fileName="../emotion/voices/Informative1_4.mp3">
			<attribution url="https://soundcloud.com/simonswerwer/" license=" CC BY-NC-SA 2.0" author="Simon Swerwer" description="Informative" />
		</soundFile>
		<soundFile fileName="../emotion/voices/Informative1_5.mp3">
			<attribution url="https://soundcloud.com/simonswerwer/" license=" CC BY-NC-SA 2.0" author="Simon Swerwer" description="Informative" />
		</soundFile>
		<soundFile fileName="../emotion/voices/Informative1_6.mp3">
			<attribution url="https://soundcloud.com/simonswerwer/" license=" CC BY-NC-SA 2.0" author="Simon Swerwer" description="Informative" />
		</soundFile>
		<soundFile fileName="../emotion/voices/Informative1_7.mp3">
			<attribution url="https://soundcloud.com/simonswerwer/" license=" CC BY-NC-SA 2.0" author="Simon Swerwer" description="Informative" />
		</soundFile>
		<soundFile fileName="../emotion/voices/Informative1_8.mp3">
			<attribution url="https://soundcloud.com/simonswerwer/" license=" CC BY-NC-SA 2.0" author="Simon Swerwer" description="Informative" />
		</soundFile>
		<soundFile fileName="../emotion/voices/Informative2_1.mp3">
			<attribution url="https://soundcloud.com/simonswerwer/" license=" CC BY-NC-SA 2.0" author="Simon Swerwer" description="Informative" />
		</soundFile>
		<soundFile fileName="../emotion/voices/Informative2_2.mp3">
			<attribution url="https://soundcloud.com/simonswerwer/" license=" CC BY-NC-SA 2.0" author="Simon Swerwer" description="Informative" />
		</soundFile>
		<soundFile fileName="../emotion/voices/Informative2_3.mp3">
			<attribution url="https://soundcloud.com/simonswerwer/" license=" CC BY-NC-SA 2.0" author="Simon Swerwer" description="Informative" />
		</soundFile>
		<soundFile fileName="../emotion/voices/Informative2_4.mp3">
			<attribution url="https://soundcloud.com/simonswerwer/" license=" CC BY-NC-SA 2.0" author="Simon Swerwer" description="Informative" />
		</soundFile>
		<soundFile fileName="../emotion/voices/Informative2_5.mp3">
			<attribution url="https://soundcloud.com/simonswerwer/" license=" CC BY-NC-SA 2.0" author="Simon Swerwer" description="Informative" />
		</soundFile>
		<soundFile fileName="../emotion/voices/Informative2_6.mp3">
			<attribution url="https://soundcloud.com/simonswerwer/" license=" CC BY-NC-SA 2.0" author="Simon Swerwer" description="Informative" />
		</soundFile>
		<soundFile fileName="../emotion/voices/Informative2_7.mp3">
			<attribution url="https://soundcloud.com/simonswerwer/" license=" CC BY-NC-SA 2.0" author="Simon Swerwer" description="Informative" />
		</soundFile>
	</sound>


	<sound logPattern="(.+): (.+) rules (.+)\.  (.+) is ((lady)|(lord)).  I don't care one way or another\.  The seat of (.+) is also located here\."
		randomBalance="true" concurency="5">

		<soundFile fileName="../emotion/voices/Informative1_1.mp3">
			<attribution url="https://soundcloud.com/simonswerwer/" license=" CC BY-NC-SA 2.0" author="Simon Swerwer" description="Informative" />
		</soundFile>
		<soundFile fileName="../emotion/voices/Informative1_2.mp3">
			<attribution url="https://soundcloud.com/simonswerwer/" license=" CC BY-NC-SA 2.0" author="Simon Swerwer" description="Informative" />
		</soundFile>
		<soundFile fileName="../emotion/voices/Informative1_3.mp3">
			<attribution url="https://soundcloud.com/simonswerwer/" license=" CC BY-NC-SA 2.0" author="Simon Swerwer" description="Informative" />
		</soundFile>
		<soundFile fileName="../emotion/voices/Informative1_4.mp3">
			<attribution url="https://soundcloud.com/simonswerwer/" license=" CC BY-NC-SA 2.0" author="Simon Swerwer" description="Informative" />
		</soundFile>
		<soundFile fileName="../emotion/voices/Informative1_5.mp3">
			<attribution url="https://soundcloud.com/simonswerwer/" license=" CC BY-NC-SA 2.0" author="Simon Swerwer" description="Informative" />
		</soundFile>
		<soundFile fileName="../emotion/voices/Informative1_6.mp3">
			<attribution url="https://soundcloud.com/simonswerwer/" license=" CC BY-NC-SA 2.0" author="Simon Swerwer" description="Informative" />
		</soundFile>
		<soundFile fileName="../emotion/voices/Informative1_7.mp3">
			<attribution url="https://soundcloud.com/simonswerwer/" license=" CC BY-NC-SA 2.0" author="Simon Swerwer" description="Informative" />
		</soundFile>
		<soundFile fileName="../emotion/voices/Informative1_8.mp3">
			<attribution url="https://soundcloud.com/simonswerwer/" license=" CC BY-NC-SA 2.0" author="Simon Swerwer" description="Informative" />
		</soundFile>
		<soundFile fileName="../emotion/voices/Informative2_1.mp3">
			<attribution url="https://soundcloud.com/simonswerwer/" license=" CC BY-NC-SA 2.0" author="Simon Swerwer" description="Informative" />
		</soundFile>
		<soundFile fileName="../emotion/voices/Informative2_2.mp3">
			<attribution url="https://soundcloud.com/simonswerwer/" license=" CC BY-NC-SA 2.0" author="Simon Swerwer" description="Informative" />
		</soundFile>
		<soundFile fileName="../emotion/voices/Informative2_3.mp3">
			<attribution url="https://soundcloud.com/simonswerwer/" license=" CC BY-NC-SA 2.0" author="Simon Swerwer" description="Informative" />
		</soundFile>
		<soundFile fileName="../emotion/voices/Informative2_4.mp3">
			<attribution url="https://soundcloud.com/simonswerwer/" license=" CC BY-NC-SA 2.0" author="Simon Swerwer" description="Informative" />
		</soundFile>
		<soundFile fileName="../emotion/voices/Informative2_5.mp3">
			<attribution url="https://soundcloud.com/simonswerwer/" license=" CC BY-NC-SA 2.0" author="Simon Swerwer" description="Informative" />
		</soundFile>
		<soundFile fileName="../emotion/voices/Informative2_6.mp3">
			<attribution url="https://soundcloud.com/simonswerwer/" license=" CC BY-NC-SA 2.0" author="Simon Swerwer" description="Informative" />
		</soundFile>
		<soundFile fileName="../emotion/voices/Informative2_7.mp3">
			<attribution url="https://soundcloud.com/simonswerwer/" license=" CC BY-NC-SA 2.0" author="Simon Swerwer" description="Informative" />
		</soundFile>
	</sound>



	<sound logPattern="(.+): There are guards in the mead hall a short walk to the ((west)|(north)|(east)|(south))\." randomBalance="true" concurency="5">

		<soundFile fileName="../emotion/voices/Informative1_1.mp3">
			<attribution url="https://soundcloud.com/simonswerwer/" license=" CC BY-NC-SA 2.0" author="Simon Swerwer" description="Informative" />
		</soundFile>
		<soundFile fileName="../emotion/voices/Informative1_2.mp3">
			<attribution url="https://soundcloud.com/simonswerwer/" license=" CC BY-NC-SA 2.0" author="Simon Swerwer" description="Informative" />
		</soundFile>
		<soundFile fileName="../emotion/voices/Informative1_3.mp3">
			<attribution url="https://soundcloud.com/simonswerwer/" license=" CC BY-NC-SA 2.0" author="Simon Swerwer" description="Informative" />
		</soundFile>
		<soundFile fileName="../emotion/voices/Informative1_4.mp3">
			<attribution url="https://soundcloud.com/simonswerwer/" license=" CC BY-NC-SA 2.0" author="Simon Swerwer" description="Informative" />
		</soundFile>
		<soundFile fileName="../emotion/voices/Informative1_5.mp3">
			<attribution url="https://soundcloud.com/simonswerwer/" license=" CC BY-NC-SA 2.0" author="Simon Swerwer" description="Informative" />
		</soundFile>
		<soundFile fileName="../emotion/voices/Informative1_6.mp3">
			<attribution url="https://soundcloud.com/simonswerwer/" license=" CC BY-NC-SA 2.0" author="Simon Swerwer" description="Informative" />
		</soundFile>
		<soundFile fileName="../emotion/voices/Informative1_7.mp3">
			<attribution url="https://soundcloud.com/simonswerwer/" license=" CC BY-NC-SA 2.0" author="Simon Swerwer" description="Informative" />
		</soundFile>
		<soundFile fileName="../emotion/voices/Informative1_8.mp3">
			<attribution url="https://soundcloud.com/simonswerwer/" license=" CC BY-NC-SA 2.0" author="Simon Swerwer" description="Informative" />
		</soundFile>
		<soundFile fileName="../emotion/voices/Informative2_1.mp3">
			<attribution url="https://soundcloud.com/simonswerwer/" license=" CC BY-NC-SA 2.0" author="Simon Swerwer" description="Informative" />
		</soundFile>
		<soundFile fileName="../emotion/voices/Informative2_2.mp3">
			<attribution url="https://soundcloud.com/simonswerwer/" license=" CC BY-NC-SA 2.0" author="Simon Swerwer" description="Informative" />
		</soundFile>
		<soundFile fileName="../emotion/voices/Informative2_3.mp3">
			<attribution url="https://soundcloud.com/simonswerwer/" license=" CC BY-NC-SA 2.0" author="Simon Swerwer" description="Informative" />
		</soundFile>
		<soundFile fileName="../emotion/voices/Informative2_4.mp3">
			<attribution url="https://soundcloud.com/simonswerwer/" license=" CC BY-NC-SA 2.0" author="Simon Swerwer" description="Informative" />
		</soundFile>
		<soundFile fileName="../emotion/voices/Informative2_5.mp3">
			<attribution url="https://soundcloud.com/simonswerwer/" license=" CC BY-NC-SA 2.0" author="Simon Swerwer" description="Informative" />
		</soundFile>
		<soundFile fileName="../emotion/voices/Informative2_6.mp3">
			<attribution url="https://soundcloud.com/simonswerwer/" license=" CC BY-NC-SA 2.0" author="Simon Swerwer" description="Informative" />
		</soundFile>
		<soundFile fileName="../emotion/voices/Informative2_7.mp3">
			<attribution url="https://soundcloud.com/simonswerwer/" license=" CC BY-NC-SA 2.0" author="Simon Swerwer" description="Informative" />
		</soundFile>
	</sound>

	<sound logPattern="(.+): (.+) is not at war with us, but there is ill-will between our peoples\.  The trouble started because of a dispute over the treatment of plants\."
		randomBalance="true" concurency="5">

		<soundFile fileName="../emotion/voices/Informative1_1.mp3">
			<attribution url="https://soundcloud.com/simonswerwer/" license=" CC BY-NC-SA 2.0" author="Simon Swerwer" description="Informative" />
		</soundFile>
		<soundFile fileName="../emotion/voices/Informative1_2.mp3">
			<attribution url="https://soundcloud.com/simonswerwer/" license=" CC BY-NC-SA 2.0" author="Simon Swerwer" description="Informative" />
		</soundFile>
		<soundFile fileName="../emotion/voices/Informative1_3.mp3">
			<attribution url="https://soundcloud.com/simonswerwer/" license=" CC BY-NC-SA 2.0" author="Simon Swerwer" description="Informative" />
		</soundFile>
		<soundFile fileName="../emotion/voices/Informative1_4.mp3">
			<attribution url="https://soundcloud.com/simonswerwer/" license=" CC BY-NC-SA 2.0" author="Simon Swerwer" description="Informative" />
		</soundFile>
		<soundFile fileName="../emotion/voices/Informative1_5.mp3">
			<attribution url="https://soundcloud.com/simonswerwer/" license=" CC BY-NC-SA 2.0" author="Simon Swerwer" description="Informative" />
		</soundFile>
		<soundFile fileName="../emotion/voices/Informative1_6.mp3">
			<attribution url="https://soundcloud.com/simonswerwer/" license=" CC BY-NC-SA 2.0" author="Simon Swerwer" description="Informative" />
		</soundFile>
		<soundFile fileName="../emotion/voices/Informative1_7.mp3">
			<attribution url="https://soundcloud.com/simonswerwer/" license=" CC BY-NC-SA 2.0" author="Simon Swerwer" description="Informative" />
		</soundFile>
		<soundFile fileName="../emotion/voices/Informative1_8.mp3">
			<attribution url="https://soundcloud.com/simonswerwer/" license=" CC BY-NC-SA 2.0" author="Simon Swerwer" description="Informative" />
		</soundFile>
		<soundFile fileName="../emotion/voices/Informative2_1.mp3">
			<attribution url="https://soundcloud.com/simonswerwer/" license=" CC BY-NC-SA 2.0" author="Simon Swerwer" description="Informative" />
		</soundFile>
		<soundFile fileName="../emotion/voices/Informative2_2.mp3">
			<attribution url="https://soundcloud.com/simonswerwer/" license=" CC BY-NC-SA 2.0" author="Simon Swerwer" description="Informative" />
		</soundFile>
		<soundFile fileName="../emotion/voices/Informative2_3.mp3">
			<attribution url="https://soundcloud.com/simonswerwer/" license=" CC BY-NC-SA 2.0" author="Simon Swerwer" description="Informative" />
		</soundFile>
		<soundFile fileName="../emotion/voices/Informative2_4.mp3">
			<attribution url="https://soundcloud.com/simonswerwer/" license=" CC BY-NC-SA 2.0" author="Simon Swerwer" description="Informative" />
		</soundFile>
		<soundFile fileName="../emotion/voices/Informative2_5.mp3">
			<attribution url="https://soundcloud.com/simonswerwer/" license=" CC BY-NC-SA 2.0" author="Simon Swerwer" description="Informative" />
		</soundFile>
		<soundFile fileName="../emotion/voices/Informative2_6.mp3">
			<attribution url="https://soundcloud.com/simonswerwer/" license=" CC BY-NC-SA 2.0" author="Simon Swerwer" description="Informative" />
		</soundFile>
		<soundFile fileName="../emotion/voices/Informative2_7.mp3">
			<attribution url="https://soundcloud.com/simonswerwer/" license=" CC BY-NC-SA 2.0" author="Simon Swerwer" description="Informative" />
		</soundFile>
	</sound>

	<sound logPattern="(.+): This is (.+)\.  In [0-9]+, I ruled from (.+) of (.+) in (.+)\." randomBalance="true" concurency="5">

		<soundFile fileName="../emotion/voices/Informative1_1.mp3">
			<attribution url="https://soundcloud.com/simonswerwer/" license=" CC BY-NC-SA 2.0" author="Simon Swerwer" description="Informative" />
		</soundFile>
		<soundFile fileName="../emotion/voices/Informative1_2.mp3">
			<attribution url="https://soundcloud.com/simonswerwer/" license=" CC BY-NC-SA 2.0" author="Simon Swerwer" description="Informative" />
		</soundFile>
		<soundFile fileName="../emotion/voices/Informative1_3.mp3">
			<attribution url="https://soundcloud.com/simonswerwer/" license=" CC BY-NC-SA 2.0" author="Simon Swerwer" description="Informative" />
		</soundFile>
		<soundFile fileName="../emotion/voices/Informative1_4.mp3">
			<attribution url="https://soundcloud.com/simonswerwer/" license=" CC BY-NC-SA 2.0" author="Simon Swerwer" description="Informative" />
		</soundFile>
		<soundFile fileName="../emotion/voices/Informative1_5.mp3">
			<attribution url="https://soundcloud.com/simonswerwer/" license=" CC BY-NC-SA 2.0" author="Simon Swerwer" description="Informative" />
		</soundFile>
		<soundFile fileName="../emotion/voices/Informative1_6.mp3">
			<attribution url="https://soundcloud.com/simonswerwer/" license=" CC BY-NC-SA 2.0" author="Simon Swerwer" description="Informative" />
		</soundFile>
		<soundFile fileName="../emotion/voices/Informative1_7.mp3">
			<attribution url="https://soundcloud.com/simonswerwer/" license=" CC BY-NC-SA 2.0" author="Simon Swerwer" description="Informative" />
		</soundFile>
		<soundFile fileName="../emotion/voices/Informative1_8.mp3">
			<attribution url="https://soundcloud.com/simonswerwer/" license=" CC BY-NC-SA 2.0" author="Simon Swerwer" description="Informative" />
		</soundFile>
		<soundFile fileName="../emotion/voices/Informative2_1.mp3">
			<attribution url="https://soundcloud.com/simonswerwer/" license=" CC BY-NC-SA 2.0" author="Simon Swerwer" description="Informative" />
		</soundFile>
		<soundFile fileName="../emotion/voices/Informative2_2.mp3">
			<attribution url="https://soundcloud.com/simonswerwer/" license=" CC BY-NC-SA 2.0" author="Simon Swerwer" description="Informative" />
		</soundFile>
		<soundFile fileName="../emotion/voices/Informative2_3.mp3">
			<attribution url="https://soundcloud.com/simonswerwer/" license=" CC BY-NC-SA 2.0" author="Simon Swerwer" description="Informative" />
		</soundFile>
		<soundFile fileName="../emotion/voices/Informative2_4.mp3">
			<attribution url="https://soundcloud.com/simonswerwer/" license=" CC BY-NC-SA 2.0" author="Simon Swerwer" description="Informative" />
		</soundFile>
		<soundFile fileName="../emotion/voices/Informative2_5.mp3">
			<attribution url="https://soundcloud.com/simonswerwer/" license=" CC BY-NC-SA 2.0" author="Simon Swerwer" description="Informative" />
		</soundFile>
		<soundFile fileName="../emotion/voices/Informative2_6.mp3">
			<attribution url="https://soundcloud.com/simonswerwer/" license=" CC BY-NC-SA 2.0" author="Simon Swerwer" description="Informative" />
		</soundFile>
		<soundFile fileName="../emotion/voices/Informative2_7.mp3">
			<attribution url="https://soundcloud.com/simonswerwer/" license=" CC BY-NC-SA 2.0" author="Simon Swerwer" description="Informative" />
		</soundFile>
	</sound>


	<sound logPattern="(.+): Not (.+) ago, (.+) became overlord of (.+)\." randomBalance="true" concurency="5">

		<soundFile fileName="../emotion/voices/Informative1_1.mp3">
			<attribution url="https://soundcloud.com/simonswerwer/" license=" CC BY-NC-SA 2.0" author="Simon Swerwer" description="Informative" />
		</soundFile>
		<soundFile fileName="../emotion/voices/Informative1_2.mp3">
			<attribution url="https://soundcloud.com/simonswerwer/" license=" CC BY-NC-SA 2.0" author="Simon Swerwer" description="Informative" />
		</soundFile>
		<soundFile fileName="../emotion/voices/Informative1_3.mp3">
			<attribution url="https://soundcloud.com/simonswerwer/" license=" CC BY-NC-SA 2.0" author="Simon Swerwer" description="Informative" />
		</soundFile>
		<soundFile fileName="../emotion/voices/Informative1_4.mp3">
			<attribution url="https://soundcloud.com/simonswerwer/" license=" CC BY-NC-SA 2.0" author="Simon Swerwer" description="Informative" />
		</soundFile>
		<soundFile fileName="../emotion/voices/Informative1_5.mp3">
			<attribution url="https://soundcloud.com/simonswerwer/" license=" CC BY-NC-SA 2.0" author="Simon Swerwer" description="Informative" />
		</soundFile>
		<soundFile fileName="../emotion/voices/Informative1_6.mp3">
			<attribution url="https://soundcloud.com/simonswerwer/" license=" CC BY-NC-SA 2.0" author="Simon Swerwer" description="Informative" />
		</soundFile>
		<soundFile fileName="../emotion/voices/Informative1_7.mp3">
			<attribution url="https://soundcloud.com/simonswerwer/" license=" CC BY-NC-SA 2.0" author="Simon Swerwer" description="Informative" />
		</soundFile>
		<soundFile fileName="../emotion/voices/Informative1_8.mp3">
			<attribution url="https://soundcloud.com/simonswerwer/" license=" CC BY-NC-SA 2.0" author="Simon Swerwer" description="Informative" />
		</soundFile>
		<soundFile fileName="../emotion/voices/Informative2_1.mp3">
			<attribution url="https://soundcloud.com/simonswerwer/" license=" CC BY-NC-SA 2.0" author="Simon Swerwer" description="Informative" />
		</soundFile>
		<soundFile fileName="../emotion/voices/Informative2_2.mp3">
			<attribution url="https://soundcloud.com/simonswerwer/" license=" CC BY-NC-SA 2.0" author="Simon Swerwer" description="Informative" />
		</soundFile>
		<soundFile fileName="../emotion/voices/Informative2_3.mp3">
			<attribution url="https://soundcloud.com/simonswerwer/" license=" CC BY-NC-SA 2.0" author="Simon Swerwer" description="Informative" />
		</soundFile>
		<soundFile fileName="../emotion/voices/Informative2_4.mp3">
			<attribution url="https://soundcloud.com/simonswerwer/" license=" CC BY-NC-SA 2.0" author="Simon Swerwer" description="Informative" />
		</soundFile>
		<soundFile fileName="../emotion/voices/Informative2_5.mp3">
			<attribution url="https://soundcloud.com/simonswerwer/" license=" CC BY-NC-SA 2.0" author="Simon Swerwer" description="Informative" />
		</soundFile>
		<soundFile fileName="../emotion/voices/Informative2_6.mp3">
			<attribution url="https://soundcloud.com/simonswerwer/" license=" CC BY-NC-SA 2.0" author="Simon Swerwer" description="Informative" />
		</soundFile>
		<soundFile fileName="../emotion/voices/Informative2_7.mp3">
			<attribution url="https://soundcloud.com/simonswerwer/" license=" CC BY-NC-SA 2.0" author="Simon Swerwer" description="Informative" />
		</soundFile>
	</sound>


	<sound logPattern="(.+): (.+) is far to the ((west)|(north)|(east)|(south))\.  \[You receive a detailed description\.\]" randomBalance="true" concurency="5">

		<soundFile fileName="../emotion/voices/Informative1_1.mp3">
			<attribution url="https://soundcloud.com/simonswerwer/" license=" CC BY-NC-SA 2.0" author="Simon Swerwer" description="Informative" />
		</soundFile>
		<soundFile fileName="../emotion/voices/Informative1_2.mp3">
			<attribution url="https://soundcloud.com/simonswerwer/" license=" CC BY-NC-SA 2.0" author="Simon Swerwer" description="Informative" />
		</soundFile>
		<soundFile fileName="../emotion/voices/Informative1_3.mp3">
			<attribution url="https://soundcloud.com/simonswerwer/" license=" CC BY-NC-SA 2.0" author="Simon Swerwer" description="Informative" />
		</soundFile>
		<soundFile fileName="../emotion/voices/Informative1_4.mp3">
			<attribution url="https://soundcloud.com/simonswerwer/" license=" CC BY-NC-SA 2.0" author="Simon Swerwer" description="Informative" />
		</soundFile>
		<soundFile fileName="../emotion/voices/Informative1_5.mp3">
			<attribution url="https://soundcloud.com/simonswerwer/" license=" CC BY-NC-SA 2.0" author="Simon Swerwer" description="Informative" />
		</soundFile>
		<soundFile fileName="../emotion/voices/Informative1_6.mp3">
			<attribution url="https://soundcloud.com/simonswerwer/" license=" CC BY-NC-SA 2.0" author="Simon Swerwer" description="Informative" />
		</soundFile>
		<soundFile fileName="../emotion/voices/Informative1_7.mp3">
			<attribution url="https://soundcloud.com/simonswerwer/" license=" CC BY-NC-SA 2.0" author="Simon Swerwer" description="Informative" />
		</soundFile>
		<soundFile fileName="../emotion/voices/Informative1_8.mp3">
			<attribution url="https://soundcloud.com/simonswerwer/" license=" CC BY-NC-SA 2.0" author="Simon Swerwer" description="Informative" />
		</soundFile>
		<soundFile fileName="../emotion/voices/Informative2_1.mp3">
			<attribution url="https://soundcloud.com/simonswerwer/" license=" CC BY-NC-SA 2.0" author="Simon Swerwer" description="Informative" />
		</soundFile>
		<soundFile fileName="../emotion/voices/Informative2_2.mp3">
			<attribution url="https://soundcloud.com/simonswerwer/" license=" CC BY-NC-SA 2.0" author="Simon Swerwer" description="Informative" />
		</soundFile>
		<soundFile fileName="../emotion/voices/Informative2_3.mp3">
			<attribution url="https://soundcloud.com/simonswerwer/" license=" CC BY-NC-SA 2.0" author="Simon Swerwer" description="Informative" />
		</soundFile>
		<soundFile fileName="../emotion/voices/Informative2_4.mp3">
			<attribution url="https://soundcloud.com/simonswerwer/" license=" CC BY-NC-SA 2.0" author="Simon Swerwer" description="Informative" />
		</soundFile>
		<soundFile fileName="../emotion/voices/Informative2_5.mp3">
			<attribution url="https://soundcloud.com/simonswerwer/" license=" CC BY-NC-SA 2.0" author="Simon Swerwer" description="Informative" />
		</soundFile>
		<soundFile fileName="../emotion/voices/Informative2_6.mp3">
			<attribution url="https://soundcloud.com/simonswerwer/" license=" CC BY-NC-SA 2.0" author="Simon Swerwer" description="Informative" />
		</soundFile>
		<soundFile fileName="../emotion/voices/Informative2_7.mp3">
			<attribution url="https://soundcloud.com/simonswerwer/" license=" CC BY-NC-SA 2.0" author="Simon Swerwer" description="Informative" />
		</soundFile>
	</sound>

	<sound logPattern="(.+): A (.+) ago, (.+) was kidnapped from (.+) by (.+)\." randomBalance="true" concurency="5">

		<soundFile fileName="../emotion/voices/InformativeAngry1_1.mp3">
			<attribution url="https://soundcloud.com/simonswerwer/" license=" CC BY-NC-SA 2.0" author="Simon Swerwer" description="Informative, Angry" />
		</soundFile>
		<soundFile fileName="../emotion/voices/InformativeAngry1_2.mp3">
			<attribution url="https://soundcloud.com/simonswerwer/" license=" CC BY-NC-SA 2.0" author="Simon Swerwer" description="Informative, Angry" />
		</soundFile>
		<soundFile fileName="../emotion/voices/InformativeAngry1_3.mp3">
			<attribution url="https://soundcloud.com/simonswerwer/" license=" CC BY-NC-SA 2.0" author="Simon Swerwer" description="Informative, Angry" />
		</soundFile>
		<soundFile fileName="../emotion/voices/InformativeAngry1_4.mp3">
			<attribution url="https://soundcloud.com/simonswerwer/" license=" CC BY-NC-SA 2.0" author="Simon Swerwer" description="Informative, Angry" />
		</soundFile>
		<soundFile fileName="../emotion/voices/InformativeAngry1_5.mp3">
			<attribution url="https://soundcloud.com/simonswerwer/" license=" CC BY-NC-SA 2.0" author="Simon Swerwer" description="Informative, Angry" />
		</soundFile>
		<soundFile fileName="../emotion/voices/InformativeAngry1_5TRUE.mp3">
			<attribution url="https://soundcloud.com/simonswerwer/" license=" CC BY-NC-SA 2.0" author="Simon Swerwer" description="Informative, Angry" />
		</soundFile>
		<soundFile fileName="../emotion/voices/InformativeAngry2_1.mp3">
			<attribution url="https://soundcloud.com/simonswerwer/" license=" CC BY-NC-SA 2.0" author="Simon Swerwer" description="Informative, Angry" />
		</soundFile>
		<soundFile fileName="../emotion/voices/InformativeAngry2_2.mp3">
			<attribution url="https://soundcloud.com/simonswerwer/" license=" CC BY-NC-SA 2.0" author="Simon Swerwer" description="Informative, Angry" />
		</soundFile>
		<soundFile fileName="../emotion/voices/InformativeAngry2_3.mp3">
			<attribution url="https://soundcloud.com/simonswerwer/" license=" CC BY-NC-SA 2.0" author="Simon Swerwer" description="Informative, Angry" />
		</soundFile>
		<soundFile fileName="../emotion/voices/InformativeAngry2_4.mp3">
			<attribution url="https://soundcloud.com/simonswerwer/" license=" CC BY-NC-SA 2.0" author="Simon Swerwer" description="Informative, Angry" />
		</soundFile>
		<soundFile fileName="../emotion/voices/InformativeAngry2_5.mp3">
			<attribution url="https://soundcloud.com/simonswerwer/" license=" CC BY-NC-SA 2.0" author="Simon Swerwer" description="Informative, Angry" />
		</soundFile>
		<soundFile fileName="../emotion/voices/InformativeAngry2_6.mp3">
			<attribution url="https://soundcloud.com/simonswerwer/" license=" CC BY-NC-SA 2.0" author="Simon Swerwer" description="Informative, Angry" />
		</soundFile>

	</sound>

	<sound logPattern="(.+): A bandit gang led by (.+) has been harassing people over in (.+)\." randomBalance="true" concurency="5">

		<soundFile fileName="../emotion/voices/InformativeAngry1_1.mp3">
			<attribution url="https://soundcloud.com/simonswerwer/" license=" CC BY-NC-SA 2.0" author="Simon Swerwer" description="Informative, Angry" />
		</soundFile>
		<soundFile fileName="../emotion/voices/InformativeAngry1_2.mp3">
			<attribution url="https://soundcloud.com/simonswerwer/" license=" CC BY-NC-SA 2.0" author="Simon Swerwer" description="Informative, Angry" />
		</soundFile>
		<soundFile fileName="../emotion/voices/InformativeAngry1_3.mp3">
			<attribution url="https://soundcloud.com/simonswerwer/" license=" CC BY-NC-SA 2.0" author="Simon Swerwer" description="Informative, Angry" />
		</soundFile>
		<soundFile fileName="../emotion/voices/InformativeAngry1_4.mp3">
			<attribution url="https://soundcloud.com/simonswerwer/" license=" CC BY-NC-SA 2.0" author="Simon Swerwer" description="Informative, Angry" />
		</soundFile>
		<soundFile fileName="../emotion/voices/InformativeAngry1_5.mp3">
			<attribution url="https://soundcloud.com/simonswerwer/" license=" CC BY-NC-SA 2.0" author="Simon Swerwer" description="Informative, Angry" />
		</soundFile>
		<soundFile fileName="../emotion/voices/InformativeAngry1_5TRUE.mp3">
			<attribution url="https://soundcloud.com/simonswerwer/" license=" CC BY-NC-SA 2.0" author="Simon Swerwer" description="Informative, Angry" />
		</soundFile>
		<soundFile fileName="../emotion/voices/InformativeAngry2_1.mp3">
			<attribution url="https://soundcloud.com/simonswerwer/" license=" CC BY-NC-SA 2.0" author="Simon Swerwer" description="Informative, Angry" />
		</soundFile>
		<soundFile fileName="../emotion/voices/InformativeAngry2_2.mp3">
			<attribution url="https://soundcloud.com/simonswerwer/" license=" CC BY-NC-SA 2.0" author="Simon Swerwer" description="Informative, Angry" />
		</soundFile>
		<soundFile fileName="../emotion/voices/InformativeAngry2_3.mp3">
			<attribution url="https://soundcloud.com/simonswerwer/" license=" CC BY-NC-SA 2.0" author="Simon Swerwer" description="Informative, Angry" />
		</soundFile>
		<soundFile fileName="../emotion/voices/InformativeAngry2_4.mp3">
			<attribution url="https://soundcloud.com/simonswerwer/" license=" CC BY-NC-SA 2.0" author="Simon Swerwer" description="Informative, Angry" />
		</soundFile>
		<soundFile fileName="../emotion/voices/InformativeAngry2_5.mp3">
			<attribution url="https://soundcloud.com/simonswerwer/" license=" CC BY-NC-SA 2.0" author="Simon Swerwer" description="Informative, Angry" />
		</soundFile>
		<soundFile fileName="../emotion/voices/InformativeAngry2_6.mp3">
			<attribution url="https://soundcloud.com/simonswerwer/" license=" CC BY-NC-SA 2.0" author="Simon Swerwer" description="Informative, Angry" />
		</soundFile>

	</sound>

	<sound logPattern="(.+): Well, let's see\.\.\.  we've got abductions\." randomBalance="true" concurency="5">

		<soundFile fileName="../emotion/voices/InformativeAngry1_1.mp3">
			<attribution url="https://soundcloud.com/simonswerwer/" license=" CC BY-NC-SA 2.0" author="Simon Swerwer" description="Informative, Angry" />
		</soundFile>
		<soundFile fileName="../emotion/voices/InformativeAngry1_2.mp3">
			<attribution url="https://soundcloud.com/simonswerwer/" license=" CC BY-NC-SA 2.0" author="Simon Swerwer" description="Informative, Angry" />
		</soundFile>
		<soundFile fileName="../emotion/voices/InformativeAngry1_3.mp3">
			<attribution url="https://soundcloud.com/simonswerwer/" license=" CC BY-NC-SA 2.0" author="Simon Swerwer" description="Informative, Angry" />
		</soundFile>
		<soundFile fileName="../emotion/voices/InformativeAngry1_4.mp3">
			<attribution url="https://soundcloud.com/simonswerwer/" license=" CC BY-NC-SA 2.0" author="Simon Swerwer" description="Informative, Angry" />
		</soundFile>
		<soundFile fileName="../emotion/voices/InformativeAngry1_5.mp3">
			<attribution url="https://soundcloud.com/simonswerwer/" license=" CC BY-NC-SA 2.0" author="Simon Swerwer" description="Informative, Angry" />
		</soundFile>
		<soundFile fileName="../emotion/voices/InformativeAngry1_5TRUE.mp3">
			<attribution url="https://soundcloud.com/simonswerwer/" license=" CC BY-NC-SA 2.0" author="Simon Swerwer" description="Informative, Angry" />
		</soundFile>
		<soundFile fileName="../emotion/voices/InformativeAngry2_1.mp3">
			<attribution url="https://soundcloud.com/simonswerwer/" license=" CC BY-NC-SA 2.0" author="Simon Swerwer" description="Informative, Angry" />
		</soundFile>
		<soundFile fileName="../emotion/voices/InformativeAngry2_2.mp3">
			<attribution url="https://soundcloud.com/simonswerwer/" license=" CC BY-NC-SA 2.0" author="Simon Swerwer" description="Informative, Angry" />
		</soundFile>
		<soundFile fileName="../emotion/voices/InformativeAngry2_3.mp3">
			<attribution url="https://soundcloud.com/simonswerwer/" license=" CC BY-NC-SA 2.0" author="Simon Swerwer" description="Informative, Angry" />
		</soundFile>
		<soundFile fileName="../emotion/voices/InformativeAngry2_4.mp3">
			<attribution url="https://soundcloud.com/simonswerwer/" license=" CC BY-NC-SA 2.0" author="Simon Swerwer" description="Informative, Angry" />
		</soundFile>
		<soundFile fileName="../emotion/voices/InformativeAngry2_5.mp3">
			<attribution url="https://soundcloud.com/simonswerwer/" license=" CC BY-NC-SA 2.0" author="Simon Swerwer" description="Informative, Angry" />
		</soundFile>
		<soundFile fileName="../emotion/voices/InformativeAngry2_6.mp3">
			<attribution url="https://soundcloud.com/simonswerwer/" license=" CC BY-NC-SA 2.0" author="Simon Swerwer" description="Informative, Angry" />
		</soundFile>

	</sound>


	<sound logPattern="(.+): Several years ago, (.+) was kidnapped from (.+) by (.+)\." randomBalance="true" concurency="5">

		<soundFile fileName="../emotion/voices/InformativeAngry1_1.mp3">
			<attribution url="https://soundcloud.com/simonswerwer/" license=" CC BY-NC-SA 2.0" author="Simon Swerwer" description="Informative, Angry" />
		</soundFile>
		<soundFile fileName="../emotion/voices/InformativeAngry1_2.mp3">
			<attribution url="https://soundcloud.com/simonswerwer/" license=" CC BY-NC-SA 2.0" author="Simon Swerwer" description="Informative, Angry" />
		</soundFile>
		<soundFile fileName="../emotion/voices/InformativeAngry1_3.mp3">
			<attribution url="https://soundcloud.com/simonswerwer/" license=" CC BY-NC-SA 2.0" author="Simon Swerwer" description="Informative, Angry" />
		</soundFile>
		<soundFile fileName="../emotion/voices/InformativeAngry1_4.mp3">
			<attribution url="https://soundcloud.com/simonswerwer/" license=" CC BY-NC-SA 2.0" author="Simon Swerwer" description="Informative, Angry" />
		</soundFile>
		<soundFile fileName="../emotion/voices/InformativeAngry1_5.mp3">
			<attribution url="https://soundcloud.com/simonswerwer/" license=" CC BY-NC-SA 2.0" author="Simon Swerwer" description="Informative, Angry" />
		</soundFile>
		<soundFile fileName="../emotion/voices/InformativeAngry1_5TRUE.mp3">
			<attribution url="https://soundcloud.com/simonswerwer/" license=" CC BY-NC-SA 2.0" author="Simon Swerwer" description="Informative, Angry" />
		</soundFile>
		<soundFile fileName="../emotion/voices/InformativeAngry2_1.mp3">
			<attribution url="https://soundcloud.com/simonswerwer/" license=" CC BY-NC-SA 2.0" author="Simon Swerwer" description="Informative, Angry" />
		</soundFile>
		<soundFile fileName="../emotion/voices/InformativeAngry2_2.mp3">
			<attribution url="https://soundcloud.com/simonswerwer/" license=" CC BY-NC-SA 2.0" author="Simon Swerwer" description="Informative, Angry" />
		</soundFile>
		<soundFile fileName="../emotion/voices/InformativeAngry2_3.mp3">
			<attribution url="https://soundcloud.com/simonswerwer/" license=" CC BY-NC-SA 2.0" author="Simon Swerwer" description="Informative, Angry" />
		</soundFile>
		<soundFile fileName="../emotion/voices/InformativeAngry2_4.mp3">
			<attribution url="https://soundcloud.com/simonswerwer/" license=" CC BY-NC-SA 2.0" author="Simon Swerwer" description="Informative, Angry" />
		</soundFile>
		<soundFile fileName="../emotion/voices/InformativeAngry2_5.mp3">
			<attribution url="https://soundcloud.com/simonswerwer/" license=" CC BY-NC-SA 2.0" author="Simon Swerwer" description="Informative, Angry" />
		</soundFile>
		<soundFile fileName="../emotion/voices/InformativeAngry2_6.mp3">
			<attribution url="https://soundcloud.com/simonswerwer/" license=" CC BY-NC-SA 2.0" author="Simon Swerwer" description="Informative, Angry" />
		</soundFile>


	</sound>


	<sound logPattern="(.+): Particular outlaws have been causing us much hardship\.  They have a tomb called (.+) somewhere in (.+)\." randomBalance="true"
		concurency="5">

		<soundFile fileName="../emotion/voices/InformativeAngry1_1.mp3">
			<attribution url="https://soundcloud.com/simonswerwer/" license=" CC BY-NC-SA 2.0" author="Simon Swerwer" description="Informative, Angry" />
		</soundFile>
		<soundFile fileName="../emotion/voices/InformativeAngry1_2.mp3">
			<attribution url="https://soundcloud.com/simonswerwer/" license=" CC BY-NC-SA 2.0" author="Simon Swerwer" description="Informative, Angry" />
		</soundFile>
		<soundFile fileName="../emotion/voices/InformativeAngry1_3.mp3">
			<attribution url="https://soundcloud.com/simonswerwer/" license=" CC BY-NC-SA 2.0" author="Simon Swerwer" description="Informative, Angry" />
		</soundFile>
		<soundFile fileName="../emotion/voices/InformativeAngry1_4.mp3">
			<attribution url="https://soundcloud.com/simonswerwer/" license=" CC BY-NC-SA 2.0" author="Simon Swerwer" description="Informative, Angry" />
		</soundFile>
		<soundFile fileName="../emotion/voices/InformativeAngry1_5.mp3">
			<attribution url="https://soundcloud.com/simonswerwer/" license=" CC BY-NC-SA 2.0" author="Simon Swerwer" description="Informative, Angry" />
		</soundFile>
		<soundFile fileName="../emotion/voices/InformativeAngry1_5TRUE.mp3">
			<attribution url="https://soundcloud.com/simonswerwer/" license=" CC BY-NC-SA 2.0" author="Simon Swerwer" description="Informative, Angry" />
		</soundFile>
		<soundFile fileName="../emotion/voices/InformativeAngry2_1.mp3">
			<attribution url="https://soundcloud.com/simonswerwer/" license=" CC BY-NC-SA 2.0" author="Simon Swerwer" description="Informative, Angry" />
		</soundFile>
		<soundFile fileName="../emotion/voices/InformativeAngry2_2.mp3">
			<attribution url="https://soundcloud.com/simonswerwer/" license=" CC BY-NC-SA 2.0" author="Simon Swerwer" description="Informative, Angry" />
		</soundFile>
		<soundFile fileName="../emotion/voices/InformativeAngry2_3.mp3">
			<attribution url="https://soundcloud.com/simonswerwer/" license=" CC BY-NC-SA 2.0" author="Simon Swerwer" description="Informative, Angry" />
		</soundFile>
		<soundFile fileName="../emotion/voices/InformativeAngry2_4.mp3">
			<attribution url="https://soundcloud.com/simonswerwer/" license=" CC BY-NC-SA 2.0" author="Simon Swerwer" description="Informative, Angry" />
		</soundFile>
		<soundFile fileName="../emotion/voices/InformativeAngry2_5.mp3">
			<attribution url="https://soundcloud.com/simonswerwer/" license=" CC BY-NC-SA 2.0" author="Simon Swerwer" description="Informative, Angry" />
		</soundFile>
		<soundFile fileName="../emotion/voices/InformativeAngry2_6.mp3">
			<attribution url="https://soundcloud.com/simonswerwer/" license=" CC BY-NC-SA 2.0" author="Simon Swerwer" description="Informative, Angry" />
		</soundFile>


	</sound>

	<sound
		logPattern="(.+): A creature of the night has our people cowering in fear\.  (.+) is in (.+)\.  Seek this place if you hunt (.+) the (.+)\.  This vile fiend has killed (.+) in her lust for murder!"
		randomBalance="true" concurency="5">

		<soundFile fileName="../emotion/voices/InformativeAngry1_1.mp3">
			<attribution url="https://soundcloud.com/simonswerwer/" license=" CC BY-NC-SA 2.0" author="Simon Swerwer" description="Informative, Angry" />
		</soundFile>
		<soundFile fileName="../emotion/voices/InformativeAngry1_2.mp3">
			<attribution url="https://soundcloud.com/simonswerwer/" license=" CC BY-NC-SA 2.0" author="Simon Swerwer" description="Informative, Angry" />
		</soundFile>
		<soundFile fileName="../emotion/voices/InformativeAngry1_3.mp3">
			<attribution url="https://soundcloud.com/simonswerwer/" license=" CC BY-NC-SA 2.0" author="Simon Swerwer" description="Informative, Angry" />
		</soundFile>
		<soundFile fileName="../emotion/voices/InformativeAngry1_4.mp3">
			<attribution url="https://soundcloud.com/simonswerwer/" license=" CC BY-NC-SA 2.0" author="Simon Swerwer" description="Informative, Angry" />
		</soundFile>
		<soundFile fileName="../emotion/voices/InformativeAngry1_5.mp3">
			<attribution url="https://soundcloud.com/simonswerwer/" license=" CC BY-NC-SA 2.0" author="Simon Swerwer" description="Informative, Angry" />
		</soundFile>
		<soundFile fileName="../emotion/voices/InformativeAngry1_5TRUE.mp3">
			<attribution url="https://soundcloud.com/simonswerwer/" license=" CC BY-NC-SA 2.0" author="Simon Swerwer" description="Informative, Angry" />
		</soundFile>
		<soundFile fileName="../emotion/voices/InformativeAngry2_1.mp3">
			<attribution url="https://soundcloud.com/simonswerwer/" license=" CC BY-NC-SA 2.0" author="Simon Swerwer" description="Informative, Angry" />
		</soundFile>
		<soundFile fileName="../emotion/voices/InformativeAngry2_2.mp3">
			<attribution url="https://soundcloud.com/simonswerwer/" license=" CC BY-NC-SA 2.0" author="Simon Swerwer" description="Informative, Angry" />
		</soundFile>
		<soundFile fileName="../emotion/voices/InformativeAngry2_3.mp3">
			<attribution url="https://soundcloud.com/simonswerwer/" license=" CC BY-NC-SA 2.0" author="Simon Swerwer" description="Informative, Angry" />
		</soundFile>
		<soundFile fileName="../emotion/voices/InformativeAngry2_4.mp3">
			<attribution url="https://soundcloud.com/simonswerwer/" license=" CC BY-NC-SA 2.0" author="Simon Swerwer" description="Informative, Angry" />
		</soundFile>
		<soundFile fileName="../emotion/voices/InformativeAngry2_5.mp3">
			<attribution url="https://soundcloud.com/simonswerwer/" license=" CC BY-NC-SA 2.0" author="Simon Swerwer" description="Informative, Angry" />
		</soundFile>
		<soundFile fileName="../emotion/voices/InformativeAngry2_6.mp3">
			<attribution url="https://soundcloud.com/simonswerwer/" license=" CC BY-NC-SA 2.0" author="Simon Swerwer" description="Informative, Angry" />
		</soundFile>


	</sound>

	<sound
		logPattern="(.+): A creature of the night has our people cowering in fear\.  (.+) is in (.+)\.  Seek this place if you hunt (.+) the (.+)\.  This vile fiend murdered (.+)!"
		randomBalance="true" concurency="5">

		<soundFile fileName="../emotion/voices/InformativeAngry1_1.mp3">
			<attribution url="https://soundcloud.com/simonswerwer/" license=" CC BY-NC-SA 2.0" author="Simon Swerwer" description="Informative, Angry" />
		</soundFile>
		<soundFile fileName="../emotion/voices/InformativeAngry1_2.mp3">
			<attribution url="https://soundcloud.com/simonswerwer/" license=" CC BY-NC-SA 2.0" author="Simon Swerwer" description="Informative, Angry" />
		</soundFile>
		<soundFile fileName="../emotion/voices/InformativeAngry1_3.mp3">
			<attribution url="https://soundcloud.com/simonswerwer/" license=" CC BY-NC-SA 2.0" author="Simon Swerwer" description="Informative, Angry" />
		</soundFile>
		<soundFile fileName="../emotion/voices/InformativeAngry1_4.mp3">
			<attribution url="https://soundcloud.com/simonswerwer/" license=" CC BY-NC-SA 2.0" author="Simon Swerwer" description="Informative, Angry" />
		</soundFile>
		<soundFile fileName="../emotion/voices/InformativeAngry1_5.mp3">
			<attribution url="https://soundcloud.com/simonswerwer/" license=" CC BY-NC-SA 2.0" author="Simon Swerwer" description="Informative, Angry" />
		</soundFile>
		<soundFile fileName="../emotion/voices/InformativeAngry1_5TRUE.mp3">
			<attribution url="https://soundcloud.com/simonswerwer/" license=" CC BY-NC-SA 2.0" author="Simon Swerwer" description="Informative, Angry" />
		</soundFile>
		<soundFile fileName="../emotion/voices/InformativeAngry2_1.mp3">
			<attribution url="https://soundcloud.com/simonswerwer/" license=" CC BY-NC-SA 2.0" author="Simon Swerwer" description="Informative, Angry" />
		</soundFile>
		<soundFile fileName="../emotion/voices/InformativeAngry2_2.mp3">
			<attribution url="https://soundcloud.com/simonswerwer/" license=" CC BY-NC-SA 2.0" author="Simon Swerwer" description="Informative, Angry" />
		</soundFile>
		<soundFile fileName="../emotion/voices/InformativeAngry2_3.mp3">
			<attribution url="https://soundcloud.com/simonswerwer/" license=" CC BY-NC-SA 2.0" author="Simon Swerwer" description="Informative, Angry" />
		</soundFile>
		<soundFile fileName="../emotion/voices/InformativeAngry2_4.mp3">
			<attribution url="https://soundcloud.com/simonswerwer/" license=" CC BY-NC-SA 2.0" author="Simon Swerwer" description="Informative, Angry" />
		</soundFile>
		<soundFile fileName="../emotion/voices/InformativeAngry2_5.mp3">
			<attribution url="https://soundcloud.com/simonswerwer/" license=" CC BY-NC-SA 2.0" author="Simon Swerwer" description="Informative, Angry" />
		</soundFile>
		<soundFile fileName="../emotion/voices/InformativeAngry2_6.mp3">
			<attribution url="https://soundcloud.com/simonswerwer/" license=" CC BY-NC-SA 2.0" author="Simon Swerwer" description="Informative, Angry" />
		</soundFile>


	</sound>

	<sound
		logPattern="(.+): Our people have been tormented by a fearsome foe\.  (.+) is in (.+)\.  Seek this place if you hunt (.+) the (.+) the minotaur.  This vile fiend has killed (.+) in his lust for murder!"
		randomBalance="true" concurency="5">

		<soundFile fileName="../emotion/voices/InformativeAngry1_1.mp3">
			<attribution url="https://soundcloud.com/simonswerwer/" license=" CC BY-NC-SA 2.0" author="Simon Swerwer" description="Informative, Angry" />
		</soundFile>
		<soundFile fileName="../emotion/voices/InformativeAngry1_2.mp3">
			<attribution url="https://soundcloud.com/simonswerwer/" license=" CC BY-NC-SA 2.0" author="Simon Swerwer" description="Informative, Angry" />
		</soundFile>
		<soundFile fileName="../emotion/voices/InformativeAngry1_3.mp3">
			<attribution url="https://soundcloud.com/simonswerwer/" license=" CC BY-NC-SA 2.0" author="Simon Swerwer" description="Informative, Angry" />
		</soundFile>
		<soundFile fileName="../emotion/voices/InformativeAngry1_4.mp3">
			<attribution url="https://soundcloud.com/simonswerwer/" license=" CC BY-NC-SA 2.0" author="Simon Swerwer" description="Informative, Angry" />
		</soundFile>
		<soundFile fileName="../emotion/voices/InformativeAngry1_5.mp3">
			<attribution url="https://soundcloud.com/simonswerwer/" license=" CC BY-NC-SA 2.0" author="Simon Swerwer" description="Informative, Angry" />
		</soundFile>
		<soundFile fileName="../emotion/voices/InformativeAngry1_5TRUE.mp3">
			<attribution url="https://soundcloud.com/simonswerwer/" license=" CC BY-NC-SA 2.0" author="Simon Swerwer" description="Informative, Angry" />
		</soundFile>
		<soundFile fileName="../emotion/voices/InformativeAngry2_1.mp3">
			<attribution url="https://soundcloud.com/simonswerwer/" license=" CC BY-NC-SA 2.0" author="Simon Swerwer" description="Informative, Angry" />
		</soundFile>
		<soundFile fileName="../emotion/voices/InformativeAngry2_2.mp3">
			<attribution url="https://soundcloud.com/simonswerwer/" license=" CC BY-NC-SA 2.0" author="Simon Swerwer" description="Informative, Angry" />
		</soundFile>
		<soundFile fileName="../emotion/voices/InformativeAngry2_3.mp3">
			<attribution url="https://soundcloud.com/simonswerwer/" license=" CC BY-NC-SA 2.0" author="Simon Swerwer" description="Informative, Angry" />
		</soundFile>
		<soundFile fileName="../emotion/voices/InformativeAngry2_4.mp3">
			<attribution url="https://soundcloud.com/simonswerwer/" license=" CC BY-NC-SA 2.0" author="Simon Swerwer" description="Informative, Angry" />
		</soundFile>
		<soundFile fileName="../emotion/voices/InformativeAngry2_5.mp3">
			<attribution url="https://soundcloud.com/simonswerwer/" license=" CC BY-NC-SA 2.0" author="Simon Swerwer" description="Informative, Angry" />
		</soundFile>
		<soundFile fileName="../emotion/voices/InformativeAngry2_6.mp3">
			<attribution url="https://soundcloud.com/simonswerwer/" license=" CC BY-NC-SA 2.0" author="Simon Swerwer" description="Informative, Angry" />
		</soundFile>


	</sound>


	<sound logPattern="(.+): Well, let's see\.\.\.  we've got armies on the march, beasts, criminals, bandits and skulking vermin\." randomBalance="true"
		concurency="5">

		<soundFile fileName="../emotion/voices/InformativeAngry1_1.mp3">
			<attribution url="https://soundcloud.com/simonswerwer/" license=" CC BY-NC-SA 2.0" author="Simon Swerwer" description="Informative, Angry" />
		</soundFile>
		<soundFile fileName="../emotion/voices/InformativeAngry1_2.mp3">
			<attribution url="https://soundcloud.com/simonswerwer/" license=" CC BY-NC-SA 2.0" author="Simon Swerwer" description="Informative, Angry" />
		</soundFile>
		<soundFile fileName="../emotion/voices/InformativeAngry1_3.mp3">
			<attribution url="https://soundcloud.com/simonswerwer/" license=" CC BY-NC-SA 2.0" author="Simon Swerwer" description="Informative, Angry" />
		</soundFile>
		<soundFile fileName="../emotion/voices/InformativeAngry1_4.mp3">
			<attribution url="https://soundcloud.com/simonswerwer/" license=" CC BY-NC-SA 2.0" author="Simon Swerwer" description="Informative, Angry" />
		</soundFile>
		<soundFile fileName="../emotion/voices/InformativeAngry1_5.mp3">
			<attribution url="https://soundcloud.com/simonswerwer/" license=" CC BY-NC-SA 2.0" author="Simon Swerwer" description="Informative, Angry" />
		</soundFile>
		<soundFile fileName="../emotion/voices/InformativeAngry1_5TRUE.mp3">
			<attribution url="https://soundcloud.com/simonswerwer/" license=" CC BY-NC-SA 2.0" author="Simon Swerwer" description="Informative, Angry" />
		</soundFile>
		<soundFile fileName="../emotion/voices/InformativeAngry2_1.mp3">
			<attribution url="https://soundcloud.com/simonswerwer/" license=" CC BY-NC-SA 2.0" author="Simon Swerwer" description="Informative, Angry" />
		</soundFile>
		<soundFile fileName="../emotion/voices/InformativeAngry2_2.mp3">
			<attribution url="https://soundcloud.com/simonswerwer/" license=" CC BY-NC-SA 2.0" author="Simon Swerwer" description="Informative, Angry" />
		</soundFile>
		<soundFile fileName="../emotion/voices/InformativeAngry2_3.mp3">
			<attribution url="https://soundcloud.com/simonswerwer/" license=" CC BY-NC-SA 2.0" author="Simon Swerwer" description="Informative, Angry" />
		</soundFile>
		<soundFile fileName="../emotion/voices/InformativeAngry2_4.mp3">
			<attribution url="https://soundcloud.com/simonswerwer/" license=" CC BY-NC-SA 2.0" author="Simon Swerwer" description="Informative, Angry" />
		</soundFile>
		<soundFile fileName="../emotion/voices/InformativeAngry2_5.mp3">
			<attribution url="https://soundcloud.com/simonswerwer/" license=" CC BY-NC-SA 2.0" author="Simon Swerwer" description="Informative, Angry" />
		</soundFile>
		<soundFile fileName="../emotion/voices/InformativeAngry2_6.mp3">
			<attribution url="https://soundcloud.com/simonswerwer/" license=" CC BY-NC-SA 2.0" author="Simon Swerwer" description="Informative, Angry" />
		</soundFile>
	</sound>

	<sound logPattern="(.+): Malicious outlaws have brought terror to our doorsteps\.  They have a camp called (.+) somewhere in (.+)\." randomBalance="true"
		concurency="5">

		<soundFile fileName="../emotion/voices/InformativeAngry1_1.mp3">
			<attribution url="https://soundcloud.com/simonswerwer/" license=" CC BY-NC-SA 2.0" author="Simon Swerwer" description="Informative, Angry" />
		</soundFile>
		<soundFile fileName="../emotion/voices/InformativeAngry1_2.mp3">
			<attribution url="https://soundcloud.com/simonswerwer/" license=" CC BY-NC-SA 2.0" author="Simon Swerwer" description="Informative, Angry" />
		</soundFile>
		<soundFile fileName="../emotion/voices/InformativeAngry1_3.mp3">
			<attribution url="https://soundcloud.com/simonswerwer/" license=" CC BY-NC-SA 2.0" author="Simon Swerwer" description="Informative, Angry" />
		</soundFile>
		<soundFile fileName="../emotion/voices/InformativeAngry1_4.mp3">
			<attribution url="https://soundcloud.com/simonswerwer/" license=" CC BY-NC-SA 2.0" author="Simon Swerwer" description="Informative, Angry" />
		</soundFile>
		<soundFile fileName="../emotion/voices/InformativeAngry1_5.mp3">
			<attribution url="https://soundcloud.com/simonswerwer/" license=" CC BY-NC-SA 2.0" author="Simon Swerwer" description="Informative, Angry" />
		</soundFile>
		<soundFile fileName="../emotion/voices/InformativeAngry1_5TRUE.mp3">
			<attribution url="https://soundcloud.com/simonswerwer/" license=" CC BY-NC-SA 2.0" author="Simon Swerwer" description="Informative, Angry" />
		</soundFile>
		<soundFile fileName="../emotion/voices/InformativeAngry2_1.mp3">
			<attribution url="https://soundcloud.com/simonswerwer/" license=" CC BY-NC-SA 2.0" author="Simon Swerwer" description="Informative, Angry" />
		</soundFile>
		<soundFile fileName="../emotion/voices/InformativeAngry2_2.mp3">
			<attribution url="https://soundcloud.com/simonswerwer/" license=" CC BY-NC-SA 2.0" author="Simon Swerwer" description="Informative, Angry" />
		</soundFile>
		<soundFile fileName="../emotion/voices/InformativeAngry2_3.mp3">
			<attribution url="https://soundcloud.com/simonswerwer/" license=" CC BY-NC-SA 2.0" author="Simon Swerwer" description="Informative, Angry" />
		</soundFile>
		<soundFile fileName="../emotion/voices/InformativeAngry2_4.mp3">
			<attribution url="https://soundcloud.com/simonswerwer/" license=" CC BY-NC-SA 2.0" author="Simon Swerwer" description="Informative, Angry" />
		</soundFile>
		<soundFile fileName="../emotion/voices/InformativeAngry2_5.mp3">
			<attribution url="https://soundcloud.com/simonswerwer/" license=" CC BY-NC-SA 2.0" author="Simon Swerwer" description="Informative, Angry" />
		</soundFile>
		<soundFile fileName="../emotion/voices/InformativeAngry2_6.mp3">
			<attribution url="https://soundcloud.com/simonswerwer/" license=" CC BY-NC-SA 2.0" author="Simon Swerwer" description="Informative, Angry" />
		</soundFile>


	</sound>

	<sound logPattern="(.+): This must be stopped by any means at our disposal\." randomBalance="true" concurency="5">

		<soundFile fileName="../emotion/voices/InformativeAngry1_1.mp3">
			<attribution url="https://soundcloud.com/simonswerwer/" license=" CC BY-NC-SA 2.0" author="Simon Swerwer" description="Informative, Angry" />
		</soundFile>
		<soundFile fileName="../emotion/voices/InformativeAngry1_2.mp3">
			<attribution url="https://soundcloud.com/simonswerwer/" license=" CC BY-NC-SA 2.0" author="Simon Swerwer" description="Informative, Angry" />
		</soundFile>
		<soundFile fileName="../emotion/voices/InformativeAngry1_3.mp3">
			<attribution url="https://soundcloud.com/simonswerwer/" license=" CC BY-NC-SA 2.0" author="Simon Swerwer" description="Informative, Angry" />
		</soundFile>
		<soundFile fileName="../emotion/voices/InformativeAngry1_4.mp3">
			<attribution url="https://soundcloud.com/simonswerwer/" license=" CC BY-NC-SA 2.0" author="Simon Swerwer" description="Informative, Angry" />
		</soundFile>
		<soundFile fileName="../emotion/voices/InformativeAngry1_5.mp3">
			<attribution url="https://soundcloud.com/simonswerwer/" license=" CC BY-NC-SA 2.0" author="Simon Swerwer" description="Informative, Angry" />
		</soundFile>
		<soundFile fileName="../emotion/voices/InformativeAngry1_5TRUE.mp3">
			<attribution url="https://soundcloud.com/simonswerwer/" license=" CC BY-NC-SA 2.0" author="Simon Swerwer" description="Informative, Angry" />
		</soundFile>
		<soundFile fileName="../emotion/voices/InformativeAngry2_1.mp3">
			<attribution url="https://soundcloud.com/simonswerwer/" license=" CC BY-NC-SA 2.0" author="Simon Swerwer" description="Informative, Angry" />
		</soundFile>
		<soundFile fileName="../emotion/voices/InformativeAngry2_2.mp3">
			<attribution url="https://soundcloud.com/simonswerwer/" license=" CC BY-NC-SA 2.0" author="Simon Swerwer" description="Informative, Angry" />
		</soundFile>
		<soundFile fileName="../emotion/voices/InformativeAngry2_3.mp3">
			<attribution url="https://soundcloud.com/simonswerwer/" license=" CC BY-NC-SA 2.0" author="Simon Swerwer" description="Informative, Angry" />
		</soundFile>
		<soundFile fileName="../emotion/voices/InformativeAngry2_4.mp3">
			<attribution url="https://soundcloud.com/simonswerwer/" license=" CC BY-NC-SA 2.0" author="Simon Swerwer" description="Informative, Angry" />
		</soundFile>
		<soundFile fileName="../emotion/voices/InformativeAngry2_5.mp3">
			<attribution url="https://soundcloud.com/simonswerwer/" license=" CC BY-NC-SA 2.0" author="Simon Swerwer" description="Informative, Angry" />
		</soundFile>
		<soundFile fileName="../emotion/voices/InformativeAngry2_6.mp3">
			<attribution url="https://soundcloud.com/simonswerwer/" license=" CC BY-NC-SA 2.0" author="Simon Swerwer" description="Informative, Angry" />
		</soundFile>

	</sound>

	<sound logPattern="(.+): A great beast threatens to bring ruin upon our people\.  (.+) is (.+)\.  Seek this place if you hunt (.+)\.  This vile fiend murdered (.+)!"
		randomBalance="true" concurency="5">

		<soundFile fileName="../emotion/voices/InformativeAngry1_1.mp3">
			<attribution url="https://soundcloud.com/simonswerwer/" license=" CC BY-NC-SA 2.0" author="Simon Swerwer" description="Informative, Angry" />
		</soundFile>
		<soundFile fileName="../emotion/voices/InformativeAngry1_2.mp3">
			<attribution url="https://soundcloud.com/simonswerwer/" license=" CC BY-NC-SA 2.0" author="Simon Swerwer" description="Informative, Angry" />
		</soundFile>
		<soundFile fileName="../emotion/voices/InformativeAngry1_3.mp3">
			<attribution url="https://soundcloud.com/simonswerwer/" license=" CC BY-NC-SA 2.0" author="Simon Swerwer" description="Informative, Angry" />
		</soundFile>
		<soundFile fileName="../emotion/voices/InformativeAngry1_4.mp3">
			<attribution url="https://soundcloud.com/simonswerwer/" license=" CC BY-NC-SA 2.0" author="Simon Swerwer" description="Informative, Angry" />
		</soundFile>
		<soundFile fileName="../emotion/voices/InformativeAngry1_5.mp3">
			<attribution url="https://soundcloud.com/simonswerwer/" license=" CC BY-NC-SA 2.0" author="Simon Swerwer" description="Informative, Angry" />
		</soundFile>
		<soundFile fileName="../emotion/voices/InformativeAngry1_5TRUE.mp3">
			<attribution url="https://soundcloud.com/simonswerwer/" license=" CC BY-NC-SA 2.0" author="Simon Swerwer" description="Informative, Angry" />
		</soundFile>
		<soundFile fileName="../emotion/voices/InformativeAngry2_1.mp3">
			<attribution url="https://soundcloud.com/simonswerwer/" license=" CC BY-NC-SA 2.0" author="Simon Swerwer" description="Informative, Angry" />
		</soundFile>
		<soundFile fileName="../emotion/voices/InformativeAngry2_2.mp3">
			<attribution url="https://soundcloud.com/simonswerwer/" license=" CC BY-NC-SA 2.0" author="Simon Swerwer" description="Informative, Angry" />
		</soundFile>
		<soundFile fileName="../emotion/voices/InformativeAngry2_3.mp3">
			<attribution url="https://soundcloud.com/simonswerwer/" license=" CC BY-NC-SA 2.0" author="Simon Swerwer" description="Informative, Angry" />
		</soundFile>
		<soundFile fileName="../emotion/voices/InformativeAngry2_4.mp3">
			<attribution url="https://soundcloud.com/simonswerwer/" license=" CC BY-NC-SA 2.0" author="Simon Swerwer" description="Informative, Angry" />
		</soundFile>
		<soundFile fileName="../emotion/voices/InformativeAngry2_5.mp3">
			<attribution url="https://soundcloud.com/simonswerwer/" license=" CC BY-NC-SA 2.0" author="Simon Swerwer" description="Informative, Angry" />
		</soundFile>
		<soundFile fileName="../emotion/voices/InformativeAngry2_6.mp3">
			<attribution url="https://soundcloud.com/simonswerwer/" license=" CC BY-NC-SA 2.0" author="Simon Swerwer" description="Informative, Angry" />
		</soundFile>


	</sound>



</sounds>