<?xml version="1.1" encoding="UTF-8"?>
<sounds defaultAnsiFormat="&#27;[31;1m" strictAttributions="true">

	<sound logPattern="(.+): How have things been\?" randomBalance="true" concurency="5">

		<soundFile fileName="../emotion/voices/Question1_1.mp3">
			<attribution url="https://soundcloud.com/simonswerwer/" license=" CC BY-NC-SA 2.0" author="Simon Swerwer" description="Question" />
		</soundFile>
		<soundFile fileName="../emotion/voices/Question1_2.mp3">
			<attribution url="https://soundcloud.com/simonswerwer/" license=" CC BY-NC-SA 2.0" author="Simon Swerwer" description="Question" />
		</soundFile>
		<soundFile fileName="../emotion/voices/Question1_3.mp3">
			<attribution url="https://soundcloud.com/simonswerwer/" license=" CC BY-NC-SA 2.0" author="Simon Swerwer" description="Question" />
		</soundFile>
		<soundFile fileName="../emotion/voices/Question1_4.mp3">
			<attribution url="https://soundcloud.com/simonswerwer/" license=" CC BY-NC-SA 2.0" author="Simon Swerwer" description="Question" />
		</soundFile>
		<soundFile fileName="../emotion/voices/Question1_5.mp3">
			<attribution url="https://soundcloud.com/simonswerwer/" license=" CC BY-NC-SA 2.0" author="Simon Swerwer" description="Question" />
		</soundFile>
		<soundFile fileName="../emotion/voices/Question2_1.mp3">
			<attribution url="https://soundcloud.com/simonswerwer/" license=" CC BY-NC-SA 2.0" author="Simon Swerwer" description="Question" />
		</soundFile>
		<soundFile fileName="../emotion/voices/Question2_2.mp3">
			<attribution url="https://soundcloud.com/simonswerwer/" license=" CC BY-NC-SA 2.0" author="Simon Swerwer" description="Question" />
		</soundFile>
		<soundFile fileName="../emotion/voices/Question2_3.mp3">
			<attribution url="https://soundcloud.com/simonswerwer/" license=" CC BY-NC-SA 2.0" author="Simon Swerwer" description="Question" />
		</soundFile>
		<soundFile fileName="../emotion/voices/Question2_4.mp3">
			<attribution url="https://soundcloud.com/simonswerwer/" license=" CC BY-NC-SA 2.0" author="Simon Swerwer" description="Question" />
		</soundFile>
		<soundFile fileName="../emotion/voices/Question2_5.mp3">
			<attribution url="https://soundcloud.com/simonswerwer/" license=" CC BY-NC-SA 2.0" author="Simon Swerwer" description="Question" />
		</soundFile>
	</sound>


	<sound logPattern="(.+): Tell me about the abductions\." randomBalance="true" concurency="5">

		<soundFile fileName="../emotion/voices/Question1_1.mp3">
			<attribution url="https://soundcloud.com/simonswerwer/" license=" CC BY-NC-SA 2.0" author="Simon Swerwer" description="Question" />
		</soundFile>
		<soundFile fileName="../emotion/voices/Question1_2.mp3">
			<attribution url="https://soundcloud.com/simonswerwer/" license=" CC BY-NC-SA 2.0" author="Simon Swerwer" description="Question" />
		</soundFile>
		<soundFile fileName="../emotion/voices/Question1_3.mp3">
			<attribution url="https://soundcloud.com/simonswerwer/" license=" CC BY-NC-SA 2.0" author="Simon Swerwer" description="Question" />
		</soundFile>
		<soundFile fileName="../emotion/voices/Question1_4.mp3">
			<attribution url="https://soundcloud.com/simonswerwer/" license=" CC BY-NC-SA 2.0" author="Simon Swerwer" description="Question" />
		</soundFile>
		<soundFile fileName="../emotion/voices/Question1_5.mp3">
			<attribution url="https://soundcloud.com/simonswerwer/" license=" CC BY-NC-SA 2.0" author="Simon Swerwer" description="Question" />
		</soundFile>
		<soundFile fileName="../emotion/voices/Question2_1.mp3">
			<attribution url="https://soundcloud.com/simonswerwer/" license=" CC BY-NC-SA 2.0" author="Simon Swerwer" description="Question" />
		</soundFile>
		<soundFile fileName="../emotion/voices/Question2_2.mp3">
			<attribution url="https://soundcloud.com/simonswerwer/" license=" CC BY-NC-SA 2.0" author="Simon Swerwer" description="Question" />
		</soundFile>
		<soundFile fileName="../emotion/voices/Question2_3.mp3">
			<attribution url="https://soundcloud.com/simonswerwer/" license=" CC BY-NC-SA 2.0" author="Simon Swerwer" description="Question" />
		</soundFile>
		<soundFile fileName="../emotion/voices/Question2_4.mp3">
			<attribution url="https://soundcloud.com/simonswerwer/" license=" CC BY-NC-SA 2.0" author="Simon Swerwer" description="Question" />
		</soundFile>
		<soundFile fileName="../emotion/voices/Question2_5.mp3">
			<attribution url="https://soundcloud.com/simonswerwer/" license=" CC BY-NC-SA 2.0" author="Simon Swerwer" description="Question" />
		</soundFile>
	</sound>


	<sound logPattern="(.+): Can you tell me where I can find the (.+)\?" randomBalance="true" concurency="5">

		<soundFile fileName="../emotion/voices/Question1_1.mp3">
			<attribution url="https://soundcloud.com/simonswerwer/" license=" CC BY-NC-SA 2.0" author="Simon Swerwer" description="Question" />
		</soundFile>
		<soundFile fileName="../emotion/voices/Question1_2.mp3">
			<attribution url="https://soundcloud.com/simonswerwer/" license=" CC BY-NC-SA 2.0" author="Simon Swerwer" description="Question" />
		</soundFile>
		<soundFile fileName="../emotion/voices/Question1_3.mp3">
			<attribution url="https://soundcloud.com/simonswerwer/" license=" CC BY-NC-SA 2.0" author="Simon Swerwer" description="Question" />
		</soundFile>
		<soundFile fileName="../emotion/voices/Question1_4.mp3">
			<attribution url="https://soundcloud.com/simonswerwer/" license=" CC BY-NC-SA 2.0" author="Simon Swerwer" description="Question" />
		</soundFile>
		<soundFile fileName="../emotion/voices/Question1_5.mp3">
			<attribution url="https://soundcloud.com/simonswerwer/" license=" CC BY-NC-SA 2.0" author="Simon Swerwer" description="Question" />
		</soundFile>
		<soundFile fileName="../emotion/voices/Question2_1.mp3">
			<attribution url="https://soundcloud.com/simonswerwer/" license=" CC BY-NC-SA 2.0" author="Simon Swerwer" description="Question" />
		</soundFile>
		<soundFile fileName="../emotion/voices/Question2_2.mp3">
			<attribution url="https://soundcloud.com/simonswerwer/" license=" CC BY-NC-SA 2.0" author="Simon Swerwer" description="Question" />
		</soundFile>
		<soundFile fileName="../emotion/voices/Question2_3.mp3">
			<attribution url="https://soundcloud.com/simonswerwer/" license=" CC BY-NC-SA 2.0" author="Simon Swerwer" description="Question" />
		</soundFile>
		<soundFile fileName="../emotion/voices/Question2_4.mp3">
			<attribution url="https://soundcloud.com/simonswerwer/" license=" CC BY-NC-SA 2.0" author="Simon Swerwer" description="Question" />
		</soundFile>
		<soundFile fileName="../emotion/voices/Question2_5.mp3">
			<attribution url="https://soundcloud.com/simonswerwer/" license=" CC BY-NC-SA 2.0" author="Simon Swerwer" description="Question" />
		</soundFile>
	</sound>


	<sound logPattern="(.+): Tell me about the local ruler\." randomBalance="true" concurency="5">

		<soundFile fileName="../emotion/voices/Question1_1.mp3">
			<attribution url="https://soundcloud.com/simonswerwer/" license=" CC BY-NC-SA 2.0" author="Simon Swerwer" description="Question" />
		</soundFile>
		<soundFile fileName="../emotion/voices/Question1_2.mp3">
			<attribution url="https://soundcloud.com/simonswerwer/" license=" CC BY-NC-SA 2.0" author="Simon Swerwer" description="Question" />
		</soundFile>
		<soundFile fileName="../emotion/voices/Question1_3.mp3">
			<attribution url="https://soundcloud.com/simonswerwer/" license=" CC BY-NC-SA 2.0" author="Simon Swerwer" description="Question" />
		</soundFile>
		<soundFile fileName="../emotion/voices/Question1_4.mp3">
			<attribution url="https://soundcloud.com/simonswerwer/" license=" CC BY-NC-SA 2.0" author="Simon Swerwer" description="Question" />
		</soundFile>
		<soundFile fileName="../emotion/voices/Question1_5.mp3">
			<attribution url="https://soundcloud.com/simonswerwer/" license=" CC BY-NC-SA 2.0" author="Simon Swerwer" description="Question" />
		</soundFile>
		<soundFile fileName="../emotion/voices/Question2_1.mp3">
			<attribution url="https://soundcloud.com/simonswerwer/" license=" CC BY-NC-SA 2.0" author="Simon Swerwer" description="Question" />
		</soundFile>
		<soundFile fileName="../emotion/voices/Question2_2.mp3">
			<attribution url="https://soundcloud.com/simonswerwer/" license=" CC BY-NC-SA 2.0" author="Simon Swerwer" description="Question" />
		</soundFile>
		<soundFile fileName="../emotion/voices/Question2_3.mp3">
			<attribution url="https://soundcloud.com/simonswerwer/" license=" CC BY-NC-SA 2.0" author="Simon Swerwer" description="Question" />
		</soundFile>
		<soundFile fileName="../emotion/voices/Question2_4.mp3">
			<attribution url="https://soundcloud.com/simonswerwer/" license=" CC BY-NC-SA 2.0" author="Simon Swerwer" description="Question" />
		</soundFile>
		<soundFile fileName="../emotion/voices/Question2_5.mp3">
			<attribution url="https://soundcloud.com/simonswerwer/" license=" CC BY-NC-SA 2.0" author="Simon Swerwer" description="Question" />
		</soundFile>
	</sound>


	<sound logPattern="(.+): Where are their forces\?  Are there patrols or guards\?" randomBalance="true" concurency="5">

		<soundFile fileName="../emotion/voices/Question1_1.mp3">
			<attribution url="https://soundcloud.com/simonswerwer/" license=" CC BY-NC-SA 2.0" author="Simon Swerwer" description="Question" />
		</soundFile>
		<soundFile fileName="../emotion/voices/Question1_2.mp3">
			<attribution url="https://soundcloud.com/simonswerwer/" license=" CC BY-NC-SA 2.0" author="Simon Swerwer" description="Question" />
		</soundFile>
		<soundFile fileName="../emotion/voices/Question1_3.mp3">
			<attribution url="https://soundcloud.com/simonswerwer/" license=" CC BY-NC-SA 2.0" author="Simon Swerwer" description="Question" />
		</soundFile>
		<soundFile fileName="../emotion/voices/Question1_4.mp3">
			<attribution url="https://soundcloud.com/simonswerwer/" license=" CC BY-NC-SA 2.0" author="Simon Swerwer" description="Question" />
		</soundFile>
		<soundFile fileName="../emotion/voices/Question1_5.mp3">
			<attribution url="https://soundcloud.com/simonswerwer/" license=" CC BY-NC-SA 2.0" author="Simon Swerwer" description="Question" />
		</soundFile>
		<soundFile fileName="../emotion/voices/Question2_1.mp3">
			<attribution url="https://soundcloud.com/simonswerwer/" license=" CC BY-NC-SA 2.0" author="Simon Swerwer" description="Question" />
		</soundFile>
		<soundFile fileName="../emotion/voices/Question2_2.mp3">
			<attribution url="https://soundcloud.com/simonswerwer/" license=" CC BY-NC-SA 2.0" author="Simon Swerwer" description="Question" />
		</soundFile>
		<soundFile fileName="../emotion/voices/Question2_3.mp3">
			<attribution url="https://soundcloud.com/simonswerwer/" license=" CC BY-NC-SA 2.0" author="Simon Swerwer" description="Question" />
		</soundFile>
		<soundFile fileName="../emotion/voices/Question2_4.mp3">
			<attribution url="https://soundcloud.com/simonswerwer/" license=" CC BY-NC-SA 2.0" author="Simon Swerwer" description="Question" />
		</soundFile>
		<soundFile fileName="../emotion/voices/Question2_5.mp3">
			<attribution url="https://soundcloud.com/simonswerwer/" license=" CC BY-NC-SA 2.0" author="Simon Swerwer" description="Question" />
		</soundFile>
	</sound>


	<sound logPattern="(.+): I am your loyal hearthperson.  What do you command\?" randomBalance="true" concurency="5">

		<soundFile fileName="../emotion/voices/Question1_1.mp3">
			<attribution url="https://soundcloud.com/simonswerwer/" license=" CC BY-NC-SA 2.0" author="Simon Swerwer" description="Question" />
		</soundFile>
		<soundFile fileName="../emotion/voices/Question1_2.mp3">
			<attribution url="https://soundcloud.com/simonswerwer/" license=" CC BY-NC-SA 2.0" author="Simon Swerwer" description="Question" />
		</soundFile>
		<soundFile fileName="../emotion/voices/Question1_3.mp3">
			<attribution url="https://soundcloud.com/simonswerwer/" license=" CC BY-NC-SA 2.0" author="Simon Swerwer" description="Question" />
		</soundFile>
		<soundFile fileName="../emotion/voices/Question1_4.mp3">
			<attribution url="https://soundcloud.com/simonswerwer/" license=" CC BY-NC-SA 2.0" author="Simon Swerwer" description="Question" />
		</soundFile>
		<soundFile fileName="../emotion/voices/Question1_5.mp3">
			<attribution url="https://soundcloud.com/simonswerwer/" license=" CC BY-NC-SA 2.0" author="Simon Swerwer" description="Question" />
		</soundFile>
		<soundFile fileName="../emotion/voices/Question2_1.mp3">
			<attribution url="https://soundcloud.com/simonswerwer/" license=" CC BY-NC-SA 2.0" author="Simon Swerwer" description="Question" />
		</soundFile>
		<soundFile fileName="../emotion/voices/Question2_2.mp3">
			<attribution url="https://soundcloud.com/simonswerwer/" license=" CC BY-NC-SA 2.0" author="Simon Swerwer" description="Question" />
		</soundFile>
		<soundFile fileName="../emotion/voices/Question2_3.mp3">
			<attribution url="https://soundcloud.com/simonswerwer/" license=" CC BY-NC-SA 2.0" author="Simon Swerwer" description="Question" />
		</soundFile>
		<soundFile fileName="../emotion/voices/Question2_4.mp3">
			<attribution url="https://soundcloud.com/simonswerwer/" license=" CC BY-NC-SA 2.0" author="Simon Swerwer" description="Question" />
		</soundFile>
		<soundFile fileName="../emotion/voices/Question2_5.mp3">
			<attribution url="https://soundcloud.com/simonswerwer/" license=" CC BY-NC-SA 2.0" author="Simon Swerwer" description="Question" />
		</soundFile>
	</sound>


	<sound logPattern="(.+): Tell me about this hall\." randomBalance="true" concurency="5">

		<soundFile fileName="../emotion/voices/Question1_1.mp3">
			<attribution url="https://soundcloud.com/simonswerwer/" license=" CC BY-NC-SA 2.0" author="Simon Swerwer" description="Question" />
		</soundFile>
		<soundFile fileName="../emotion/voices/Question1_2.mp3">
			<attribution url="https://soundcloud.com/simonswerwer/" license=" CC BY-NC-SA 2.0" author="Simon Swerwer" description="Question" />
		</soundFile>
		<soundFile fileName="../emotion/voices/Question1_3.mp3">
			<attribution url="https://soundcloud.com/simonswerwer/" license=" CC BY-NC-SA 2.0" author="Simon Swerwer" description="Question" />
		</soundFile>
		<soundFile fileName="../emotion/voices/Question1_4.mp3">
			<attribution url="https://soundcloud.com/simonswerwer/" license=" CC BY-NC-SA 2.0" author="Simon Swerwer" description="Question" />
		</soundFile>
		<soundFile fileName="../emotion/voices/Question1_5.mp3">
			<attribution url="https://soundcloud.com/simonswerwer/" license=" CC BY-NC-SA 2.0" author="Simon Swerwer" description="Question" />
		</soundFile>
		<soundFile fileName="../emotion/voices/Question2_1.mp3">
			<attribution url="https://soundcloud.com/simonswerwer/" license=" CC BY-NC-SA 2.0" author="Simon Swerwer" description="Question" />
		</soundFile>
		<soundFile fileName="../emotion/voices/Question2_2.mp3">
			<attribution url="https://soundcloud.com/simonswerwer/" license=" CC BY-NC-SA 2.0" author="Simon Swerwer" description="Question" />
		</soundFile>
		<soundFile fileName="../emotion/voices/Question2_3.mp3">
			<attribution url="https://soundcloud.com/simonswerwer/" license=" CC BY-NC-SA 2.0" author="Simon Swerwer" description="Question" />
		</soundFile>
		<soundFile fileName="../emotion/voices/Question2_4.mp3">
			<attribution url="https://soundcloud.com/simonswerwer/" license=" CC BY-NC-SA 2.0" author="Simon Swerwer" description="Question" />
		</soundFile>
		<soundFile fileName="../emotion/voices/Question2_5.mp3">
			<attribution url="https://soundcloud.com/simonswerwer/" license=" CC BY-NC-SA 2.0" author="Simon Swerwer" description="Question" />
		</soundFile>
	</sound>

	<sound logPattern="(.+): Can you tell me the way to (.+)\?" randomBalance="true" concurency="5">

		<soundFile fileName="../emotion/voices/Question1_1.mp3">
			<attribution url="https://soundcloud.com/simonswerwer/" license=" CC BY-NC-SA 2.0" author="Simon Swerwer" description="Question" />
		</soundFile>
		<soundFile fileName="../emotion/voices/Question1_2.mp3">
			<attribution url="https://soundcloud.com/simonswerwer/" license=" CC BY-NC-SA 2.0" author="Simon Swerwer" description="Question" />
		</soundFile>
		<soundFile fileName="../emotion/voices/Question1_3.mp3">
			<attribution url="https://soundcloud.com/simonswerwer/" license=" CC BY-NC-SA 2.0" author="Simon Swerwer" description="Question" />
		</soundFile>
		<soundFile fileName="../emotion/voices/Question1_4.mp3">
			<attribution url="https://soundcloud.com/simonswerwer/" license=" CC BY-NC-SA 2.0" author="Simon Swerwer" description="Question" />
		</soundFile>
		<soundFile fileName="../emotion/voices/Question1_5.mp3">
			<attribution url="https://soundcloud.com/simonswerwer/" license=" CC BY-NC-SA 2.0" author="Simon Swerwer" description="Question" />
		</soundFile>
		<soundFile fileName="../emotion/voices/Question2_1.mp3">
			<attribution url="https://soundcloud.com/simonswerwer/" license=" CC BY-NC-SA 2.0" author="Simon Swerwer" description="Question" />
		</soundFile>
		<soundFile fileName="../emotion/voices/Question2_2.mp3">
			<attribution url="https://soundcloud.com/simonswerwer/" license=" CC BY-NC-SA 2.0" author="Simon Swerwer" description="Question" />
		</soundFile>
		<soundFile fileName="../emotion/voices/Question2_3.mp3">
			<attribution url="https://soundcloud.com/simonswerwer/" license=" CC BY-NC-SA 2.0" author="Simon Swerwer" description="Question" />
		</soundFile>
		<soundFile fileName="../emotion/voices/Question2_4.mp3">
			<attribution url="https://soundcloud.com/simonswerwer/" license=" CC BY-NC-SA 2.0" author="Simon Swerwer" description="Question" />
		</soundFile>
		<soundFile fileName="../emotion/voices/Question2_5.mp3">
			<attribution url="https://soundcloud.com/simonswerwer/" license=" CC BY-NC-SA 2.0" author="Simon Swerwer" description="Question" />
		</soundFile>
	</sound>



</sounds>