<?xml version="1.1" encoding="UTF-8"?>
<sounds>

	<!-- gore -->
	
	<sound logPattern="A (.+) has been severed!" concurency="4" timeout="500" playbackThreshhold="4">
		<soundFile fileName="gore/tearheavygore1.mp3" randomBalance="true" />
		<soundFile fileName="gore/tearheavygore2.mp3" randomBalance="true" />
		<soundFile fileName="gore/tearheavygore3.mp3" randomBalance="true" />
		<soundFile fileName="gore/tearheavygore4.mp3" randomBalance="true" />
		<soundFile fileName="gore/tearheavygore5.mp3" randomBalance="true" />
		<soundFile fileName="gore/tearheavygore6.mp3" randomBalance="true" />
		<soundFile fileName="gore/tearheavygore7.mp3" randomBalance="true" />
		<soundFile fileName="gore/tearheavygore8.mp3" randomBalance="true" />
		<soundFile fileName="gore/tearheavygore9.mp3" randomBalance="true" />
	</sound>
	
	<sound logPattern="A (.+) has been torn!" concurency="4" timeout="500" playbackThreshhold="4">
		<soundFile fileName="gore/tearheavygore1.mp3" randomBalance="true" />
		<soundFile fileName="gore/tearheavygore2.mp3" randomBalance="true" />
		<soundFile fileName="gore/tearheavygore3.mp3" randomBalance="true" />
		<soundFile fileName="gore/tearheavygore4.mp3" randomBalance="true" />
		<soundFile fileName="gore/tearheavygore5.mp3" randomBalance="true" />
		<soundFile fileName="gore/tearheavygore6.mp3" randomBalance="true" />
		<soundFile fileName="gore/tearheavygore7.mp3" randomBalance="true" />
		<soundFile fileName="gore/tearheavygore8.mp3" randomBalance="true" />
		<soundFile fileName="gore/tearheavygore9.mp3" randomBalance="true" />
	</sound>
	
	<sound logPattern="An (.+) has been opened by the strike and a (.+) has been torn!" concurency="4" timeout="500" playbackThreshhold="4">
		<soundFile fileName="gore/tearheavygore1.mp3" randomBalance="true" />
		<soundFile fileName="gore/tearheavygore2.mp3" randomBalance="true" />
		<soundFile fileName="gore/tearheavygore3.mp3" randomBalance="true" />
		<soundFile fileName="gore/tearheavygore4.mp3" randomBalance="true" />
		<soundFile fileName="gore/tearheavygore5.mp3" randomBalance="true" />
		<soundFile fileName="gore/tearheavygore6.mp3" randomBalance="true" />
		<soundFile fileName="gore/tearheavygore7.mp3" randomBalance="true" />
		<soundFile fileName="gore/tearheavygore8.mp3" randomBalance="true" />
		<soundFile fileName="gore/tearheavygore9.mp3" randomBalance="true" />
	</sound>
	
	<sound logPattern="The (.+) has lodged firmly in the wound!" concurency="5" timeout="250" playbackThreshhold="4">
		<soundFile fileName="hit/ranged/arrowHit01.mp3" randomBalance="true" />
		<soundFile fileName="hit/ranged/arrowHit02.mp3" randomBalance="true" />
		<soundFile fileName="hit/ranged/arrowHit03.mp3" randomBalance="true" />
		<soundFile fileName="hit/ranged/arrowHit04.mp3" randomBalance="true" />
		<soundFile fileName="hit/ranged/arrowHit05.mp3" randomBalance="true" />
		<soundFile fileName="hit/ranged/arrowHit06.mp3" randomBalance="true" />
		<soundFile fileName="hit/ranged/arrowHit07.mp3" randomBalance="true" />
		<soundFile fileName="hit/ranged/arrowHit08.mp3" randomBalance="true" />
	</sound>
	
	<sound logPattern="(.+) twists the embedded (.+) around in (.+)'s (.+)!" concurency="4" timeout="500" playbackThreshhold="4">
		<soundFile fileName="gore/tearheavygore1.mp3" randomBalance="true" />
		<soundFile fileName="gore/tearheavygore2.mp3" randomBalance="true" />
		<soundFile fileName="gore/tearheavygore3.mp3" randomBalance="true" />
		<soundFile fileName="gore/tearheavygore4.mp3" randomBalance="true" />
		<soundFile fileName="gore/tearheavygore5.mp3" randomBalance="true" />
		<soundFile fileName="gore/tearheavygore6.mp3" randomBalance="true" />
		<soundFile fileName="gore/tearheavygore7.mp3" randomBalance="true" />
		<soundFile fileName="gore/tearheavygore8.mp3" randomBalance="true" />
		<soundFile fileName="gore/tearheavygore9.mp3" randomBalance="true" />
	</sound>
	
	<sound logPattern="((An artery)|(A major artery)) has been opened by the ((strike)|(attack))(.*)!" concurency="4" timeout="500" playbackThreshhold="4">
		<soundFile fileName="gore/tearheavygore1.mp3" randomBalance="true" />
		<soundFile fileName="gore/tearheavygore2.mp3" randomBalance="true" />
		<soundFile fileName="gore/tearheavygore3.mp3" randomBalance="true" />
		<soundFile fileName="gore/tearheavygore4.mp3" randomBalance="true" />
		<soundFile fileName="gore/tearheavygore5.mp3" randomBalance="true" />
		<soundFile fileName="gore/tearheavygore6.mp3" randomBalance="true" />
		<soundFile fileName="gore/tearheavygore7.mp3" randomBalance="true" />
		<soundFile fileName="gore/tearheavygore8.mp3" randomBalance="true" />
		<soundFile fileName="gore/tearheavygore9.mp3" randomBalance="true" />
	</sound>
	
	<sound logPattern="An artery in the (.+) has been opened by the ((strike)|(attack))(.*)!" concurency="4" timeout="500" playbackThreshhold="4">
		<soundFile fileName="gore/tearheavygore1.mp3" randomBalance="true" />
		<soundFile fileName="gore/tearheavygore2.mp3" randomBalance="true" />
		<soundFile fileName="gore/tearheavygore3.mp3" randomBalance="true" />
		<soundFile fileName="gore/tearheavygore4.mp3" randomBalance="true" />
		<soundFile fileName="gore/tearheavygore5.mp3" randomBalance="true" />
		<soundFile fileName="gore/tearheavygore6.mp3" randomBalance="true" />
		<soundFile fileName="gore/tearheavygore7.mp3" randomBalance="true" />
		<soundFile fileName="gore/tearheavygore8.mp3" randomBalance="true" />
		<soundFile fileName="gore/tearheavygore9.mp3" randomBalance="true" />
	</sound>
	
	<sound logPattern="A major artery in the (.+) has been opened by the ((strike)|(attack))!" concurency="4" timeout="500" playbackThreshhold="4">
		<soundFile fileName="gore/tearheavygore1.mp3" randomBalance="true" />
		<soundFile fileName="gore/tearheavygore2.mp3" randomBalance="true" />
		<soundFile fileName="gore/tearheavygore3.mp3" randomBalance="true" />
		<soundFile fileName="gore/tearheavygore4.mp3" randomBalance="true" />
		<soundFile fileName="gore/tearheavygore5.mp3" randomBalance="true" />
		<soundFile fileName="gore/tearheavygore6.mp3" randomBalance="true" />
		<soundFile fileName="gore/tearheavygore7.mp3" randomBalance="true" />
		<soundFile fileName="gore/tearheavygore8.mp3" randomBalance="true" />
		<soundFile fileName="gore/tearheavygore9.mp3" randomBalance="true" />
	</sound>
	
	<sound logPattern="The guts pops out of the wound!" concurency="4" timeout="500" playbackThreshhold="4">
		<soundFile fileName="gore/tearheavygore1.mp3" randomBalance="true" />
		<soundFile fileName="gore/tearheavygore2.mp3" randomBalance="true" />
		<soundFile fileName="gore/tearheavygore3.mp3" randomBalance="true" />
		<soundFile fileName="gore/tearheavygore4.mp3" randomBalance="true" />
		<soundFile fileName="gore/tearheavygore5.mp3" randomBalance="true" />
		<soundFile fileName="gore/tearheavygore6.mp3" randomBalance="true" />
		<soundFile fileName="gore/tearheavygore7.mp3" randomBalance="true" />
		<soundFile fileName="gore/tearheavygore8.mp3" randomBalance="true" />
		<soundFile fileName="gore/tearheavygore9.mp3" randomBalance="true" />
	</sound>
	
	<sound logPattern="Many nerves have been severed(.*)!" concurency="4" timeout="500">
	</sound>
	
	<sound logPattern="A tendon has been strained!">
	</sound>
	
	<sound logPattern="A tendon in the (.+) has been bruised!" concurency="5" timeout="250" playbackThreshhold="4">
		<soundFile fileName="gore/bruise1.mp3" randomBalance="true" />
		<soundFile fileName="gore/bruise2.mp3" randomBalance="true" />
		<soundFile fileName="gore/bruise3.mp3" randomBalance="true" />
		<soundFile fileName="gore/bruise4.mp3" randomBalance="true" />
	</sound>
	
	<sound logPattern="A ligament in (.+) has been (.+)!">
	</sound>
	
	<sound logPattern="(.+) takes the full force of the impact!" concurency="5" timeout="250" playbackThreshhold="4">
		<soundFile fileName="hit/bash/bash1.mp3" randomBalance="true" />
		<soundFile fileName="hit/bash/bash2.mp3" randomBalance="true" />
		<soundFile fileName="hit/bash/bash3.mp3" randomBalance="true" />
		<soundFile fileName="hit/bash/bash4.mp3" randomBalance="true" />
		<soundFile fileName="hit/bash/bash5.mp3" randomBalance="true" />
		<soundFile fileName="hit/bash/bash6.mp3" randomBalance="true" />
		<soundFile fileName="hit/bash/bash7.mp3" randomBalance="true" />
		<soundFile fileName="hit/bash/bash8.mp3" randomBalance="true" />
		<soundFile fileName="hit/bash/bash9.mp3" randomBalance="true" />
		<soundFile fileName="hit/bash/bash10.mp3" randomBalance="true" />
		<soundFile fileName="hit/bash/bash11.mp3" randomBalance="true" />
		<soundFile fileName="hit/bash/bash12.mp3" randomBalance="true" />
	</sound>
	
	<sound logPattern="(.+) takes the full force of the impact and the part splits in gore!" concurency="5" timeout="250" playbackThreshhold="4">
		<soundFile fileName="hit/bash/bash1.mp3" randomBalance="true" />
		<soundFile fileName="hit/bash/bash2.mp3" randomBalance="true" />
		<soundFile fileName="hit/bash/bash3.mp3" randomBalance="true" />
		<soundFile fileName="hit/bash/bash4.mp3" randomBalance="true" />
		<soundFile fileName="hit/bash/bash5.mp3" randomBalance="true" />
		<soundFile fileName="hit/bash/bash6.mp3" randomBalance="true" />
		<soundFile fileName="hit/bash/bash7.mp3" randomBalance="true" />
		<soundFile fileName="hit/bash/bash8.mp3" randomBalance="true" />
		<soundFile fileName="hit/bash/bash9.mp3" randomBalance="true" />
		<soundFile fileName="hit/bash/bash10.mp3" randomBalance="true" />
		<soundFile fileName="hit/bash/bash11.mp3" randomBalance="true" />
		<soundFile fileName="hit/bash/bash12.mp3" randomBalance="true" />
	</sound>
	
	<sound logPattern="(.+) takes the full force of the impact and the part is smashed into the (.+), an unrecognizable mass!" concurency="5" timeout="250" playbackThreshhold="4">
		<soundFile fileName="hit/bash/bash1.mp3" randomBalance="true" />
		<soundFile fileName="hit/bash/bash2.mp3" randomBalance="true" />
		<soundFile fileName="hit/bash/bash3.mp3" randomBalance="true" />
		<soundFile fileName="hit/bash/bash4.mp3" randomBalance="true" />
		<soundFile fileName="hit/bash/bash5.mp3" randomBalance="true" />
		<soundFile fileName="hit/bash/bash6.mp3" randomBalance="true" />
		<soundFile fileName="hit/bash/bash7.mp3" randomBalance="true" />
		<soundFile fileName="hit/bash/bash8.mp3" randomBalance="true" />
		<soundFile fileName="hit/bash/bash9.mp3" randomBalance="true" />
		<soundFile fileName="hit/bash/bash10.mp3" randomBalance="true" />
		<soundFile fileName="hit/bash/bash11.mp3" randomBalance="true" />
		<soundFile fileName="hit/bash/bash12.mp3" randomBalance="true" />
	</sound>
	
	<sound logPattern="(.+) in the (.+) with (.+) and the injured part is cloven asunder!" concurency="5" timeout="250" playbackThreshhold="4">
		<soundFile fileName="hit/bash/bash1.mp3" randomBalance="true" />
		<soundFile fileName="hit/bash/bash2.mp3" randomBalance="true" />
		<soundFile fileName="hit/bash/bash3.mp3" randomBalance="true" />
		<soundFile fileName="hit/bash/bash4.mp3" randomBalance="true" />
		<soundFile fileName="hit/bash/bash5.mp3" randomBalance="true" />
		<soundFile fileName="hit/bash/bash6.mp3" randomBalance="true" />
		<soundFile fileName="hit/bash/bash7.mp3" randomBalance="true" />
		<soundFile fileName="hit/bash/bash8.mp3" randomBalance="true" />
		<soundFile fileName="hit/bash/bash9.mp3" randomBalance="true" />
		<soundFile fileName="hit/bash/bash10.mp3" randomBalance="true" />
		<soundFile fileName="hit/bash/bash11.mp3" randomBalance="true" />
		<soundFile fileName="hit/bash/bash12.mp3" randomBalance="true" />
	</sound>
	
</sounds>